window_id,corridor,section_code,section_name,line_type,window_date,window_start_time,window_end_time,window_duration_min,window_character,preceding_train_no,preceding_train_name,preceding_train_type,following_train_no,following_train_name,following_train_type,sched_freight_trains_regulable,sched_passenger_trains_affected,expected_train_delay_penalty_inr,is_ideal_joint_possession_window,ohe_power_cutoff_feasible,station_loop_capacity_count
WIN-ALJN-TDL-DN-1001,NDLS-DDU Golden Diagonal HDN-1,ALJN-TDL,Aligarh (ALJN) - Tundla (TDL),DN_MAIN,2026-09-24,02:00,05:30,225,Early Morning Twilight Window,12310,Patna Rajdhani Express (NDLS-PNBE),Rajdhani Express,12004,Lucknow Swarna Shatabdi (NDLS-LKO),Shatabdi Express,0,0,0,1,1,3
WIN-TDL-ETW-DN-1002,NDLS-DDU Golden Diagonal HDN-1,TDL-ETW,Tundla (TDL) - Etawah (ETW),DN_MAIN,2026-09-25,11:15,13:45,150,Afternoon Lean Passenger Gap,12418,Prayagraj Express (NDLS-PRYJ),Superfast Express,G-BOXN-Coal-04,Heavy Coal Rake (DDU-Dadri NTPC),Freight (Heavy Mineral),0,1,70000,0,1,5
WIN-PRYJ-MZP-DN-1003,NDLS-DDU Golden Diagonal HDN-1,PRYJ-MZP,Prayagraj Jn (PRYJ) - Mirzapur (MZP),DN_MAIN,2026-09-26,23:30,02:30,165,Late Night Corridor Transition Slot,12310,Patna Rajdhani Express (NDLS-PNBE),Rajdhani Express,12560,Shiv Ganga Express (NDLS-BSB),Superfast Express,2,0,40000,0,1,3
WIN-MZP-DDU-DN-1004,NDLS-DDU Golden Diagonal HDN-1,MZP-DDU,Mirzapur (MZP) - Pt. DD Upadhyaya (DDU),DN_MAIN,2026-09-27,11:15,13:45,180,Afternoon Lean Passenger Gap,14218,Unchahar Express (CDG-PRG),Mail/Express,12418,Prayagraj Express (NDLS-PRYJ),Superfast Express,3,0,60000,1,1,5
WIN-FTP-PRYJ-UP-1005,NDLS-DDU Golden Diagonal HDN-1,FTP-PRYJ,Fatehpur (FTP) - Prayagraj Jn (PRYJ),UP_MAIN,2026-09-28,11:15,13:45,135,Afternoon Lean Passenger Gap,12876,Neelachal Express (ANVT-PURI),Superfast Express,12302,Howrah Rajdhani Express (NDLS-HWH),Rajdhani Express,2,1,100000,0,1,3
WIN-TDL-ETW-DN-1006,NDLS-DDU Golden Diagonal HDN-1,TDL-ETW,Tundla (TDL) - Etawah (ETW),DN_MAIN,2026-09-29,13:00,15:30,165,Mid-Day Freight Shadow Gap,12302,Howrah Rajdhani Express (NDLS-HWH),Rajdhani Express,12418,Prayagraj Express (NDLS-PRYJ),Superfast Express,3,0,60000,0,1,5
WIN-CNB-FTP-UP-1007,NDLS-DDU Golden Diagonal HDN-1,CNB-FTP,Kanpur Central (CNB) - Fatehpur (FTP),UP_MAIN,2026-09-23,01:30,04:30,210,Night Deep Window (Ideal),12418,Prayagraj Express (NDLS-PRYJ),Superfast Express,12004,Lucknow Swarna Shatabdi (NDLS-LKO),Shatabdi Express,3,0,60000,1,1,4
WIN-GZB-ALJN-UP-1008,NDLS-DDU Golden Diagonal HDN-1,GZB-ALJN,Ghaziabad (GZB) - Aligarh (ALJN),UP_MAIN,2026-09-24,00:15,03:45,225,Night Heavy Maintenance Slot (Ideal),12302,Howrah Rajdhani Express (NDLS-HWH),Rajdhani Express,04124,Kanpur-Prayagraj MEMU Special,Passenger/MEMU,3,0,60000,1,1,2
WIN-MZP-DDU-DN-1009,NDLS-DDU Golden Diagonal HDN-1,MZP-DDU,Mirzapur (MZP) - Pt. DD Upadhyaya (DDU),DN_MAIN,2026-09-25,02:00,05:30,195,Early Morning Twilight Window,12418,Prayagraj Express (NDLS-PRYJ),Superfast Express,G-CONCOR-01,Container Freight Express (TKD-DDU),Freight (Container),0,0,0,1,1,5
WIN-TDL-ETW-UP-1010,NDLS-DDU Golden Diagonal HDN-1,TDL-ETW,Tundla (TDL) - Etawah (ETW),UP_MAIN,2026-09-26,11:15,13:45,165,Afternoon Lean Passenger Gap,22436,Vande Bharat Express (NDLS-BSB),Vande Bharat,12302,Howrah Rajdhani Express (NDLS-HWH),Rajdhani Express,2,1,190000,0,1,5
WIN-MZP-DDU-DN-1011,NDLS-DDU Golden Diagonal HDN-1,MZP-DDU,Mirzapur (MZP) - Pt. DD Upadhyaya (DDU),DN_MAIN,2026-09-27,02:00,05:30,210,Early Morning Twilight Window,12310,Patna Rajdhani Express (NDLS-PNBE),Rajdhani Express,12004,Lucknow Swarna Shatabdi (NDLS-LKO),Shatabdi Express,0,1,120000,0,1,2
WIN-PRYJ-MZP-UP-1012,NDLS-DDU Golden Diagonal HDN-1,PRYJ-MZP,Prayagraj Jn (PRYJ) - Mirzapur (MZP),UP_MAIN,2026-09-28,00:15,03:45,195,Night Heavy Maintenance Slot (Ideal),12876,Neelachal Express (ANVT-PURI),Superfast Express,12302,Howrah Rajdhani Express (NDLS-HWH),Rajdhani Express,1,0,20000,1,1,5
WIN-MZP-DDU-DN-1013,NDLS-DDU Golden Diagonal HDN-1,MZP-DDU,Mirzapur (MZP) - Pt. DD Upadhyaya (DDU),DN_MAIN,2026-09-29,23:30,02:30,210,Late Night Corridor Transition Slot,14218,Unchahar Express (CDG-PRG),Mail/Express,12418,Prayagraj Express (NDLS-PRYJ),Superfast Express,2,0,40000,1,1,5
WIN-CNB-FTP-UP-1014,NDLS-DDU Golden Diagonal HDN-1,CNB-FTP,Kanpur Central (CNB) - Fatehpur (FTP),UP_MAIN,2026-09-23,01:30,04:30,180,Night Deep Window (Ideal),12310,Patna Rajdhani Express (NDLS-PNBE),Rajdhani Express,22436,Vande Bharat Express (NDLS-BSB),Vande Bharat,0,0,0,1,1,2
WIN-ETW-CNB-UP-1015,NDLS-DDU Golden Diagonal HDN-1,ETW-CNB,Etawah (ETW) - Kanpur Central (CNB),UP_MAIN,2026-09-24,01:30,04:30,180,Night Deep Window (Ideal),14218,Unchahar Express (CDG-PRG),Mail/Express,G-BOXN-Coal-04,Heavy Coal Rake (DDU-Dadri NTPC),Freight (Heavy Mineral),1,0,20000,1,1,5
WIN-ETW-CNB-UP-1016,NDLS-DDU Golden Diagonal HDN-1,ETW-CNB,Etawah (ETW) - Kanpur Central (CNB),UP_MAIN,2026-09-25,02:00,05:30,225,Early Morning Twilight Window,14218,Unchahar Express (CDG-PRG),Mail/Express,12310,Patna Rajdhani Express (NDLS-PNBE),Rajdhani Express,3,0,60000,1,1,2
WIN-TDL-ETW-UP-1017,NDLS-DDU Golden Diagonal HDN-1,TDL-ETW,Tundla (TDL) - Etawah (ETW),UP_MAIN,2026-09-26,23:30,02:30,195,Late Night Corridor Transition Slot,14218,Unchahar Express (CDG-PRG),Mail/Express,22436,Vande Bharat Express (NDLS-BSB),Vande Bharat,1,0,20000,1,1,3
WIN-CNB-FTP-DN-1018,NDLS-DDU Golden Diagonal HDN-1,CNB-FTP,Kanpur Central (CNB) - Fatehpur (FTP),DN_MAIN,2026-09-27,00:15,03:45,195,Night Heavy Maintenance Slot (Ideal),12560,Shiv Ganga Express (NDLS-BSB),Superfast Express,22436,Vande Bharat Express (NDLS-BSB),Vande Bharat,3,0,60000,1,1,5
WIN-MZP-DDU-DN-1019,NDLS-DDU Golden Diagonal HDN-1,MZP-DDU,Mirzapur (MZP) - Pt. DD Upadhyaya (DDU),DN_MAIN,2026-09-28,00:15,03:45,225,Night Heavy Maintenance Slot (Ideal),14218,Unchahar Express (CDG-PRG),Mail/Express,12876,Neelachal Express (ANVT-PURI),Superfast Express,3,0,60000,1,1,3
WIN-GZB-ALJN-UP-1020,NDLS-DDU Golden Diagonal HDN-1,GZB-ALJN,Ghaziabad (GZB) - Aligarh (ALJN),UP_MAIN,2026-09-29,11:15,13:45,135,Afternoon Lean Passenger Gap,12560,Shiv Ganga Express (NDLS-BSB),Superfast Express,04124,Kanpur-Prayagraj MEMU Special,Passenger/MEMU,2,1,110000,0,1,5
WIN-ALJN-TDL-DN-1021,NDLS-DDU Golden Diagonal HDN-1,ALJN-TDL,Aligarh (ALJN) - Tundla (TDL),DN_MAIN,2026-09-23,13:00,15:30,165,Mid-Day Freight Shadow Gap,12560,Shiv Ganga Express (NDLS-BSB),Superfast Express,14218,Unchahar Express (CDG-PRG),Mail/Express,0,0,0,0,1,4
WIN-ETW-CNB-DN-1022,NDLS-DDU Golden Diagonal HDN-1,ETW-CNB,Etawah (ETW) - Kanpur Central (CNB),DN_MAIN,2026-09-24,02:00,05:30,240,Early Morning Twilight Window,14218,Unchahar Express (CDG-PRG),Mail/Express,12004,Lucknow Swarna Shatabdi (NDLS-LKO),Shatabdi Express,1,1,60000,0,1,5
WIN-TDL-ETW-DN-1023,NDLS-DDU Golden Diagonal HDN-1,TDL-ETW,Tundla (TDL) - Etawah (ETW),DN_MAIN,2026-09-25,23:30,02:30,180,Late Night Corridor Transition Slot,12876,Neelachal Express (ANVT-PURI),Superfast Express,G-BOXN-Coal-04,Heavy Coal Rake (DDU-Dadri NTPC),Freight (Heavy Mineral),3,0,60000,1,1,3
WIN-ETW-CNB-DN-1024,NDLS-DDU Golden Diagonal HDN-1,ETW-CNB,Etawah (ETW) - Kanpur Central (CNB),DN_MAIN,2026-09-26,23:30,02:30,195,Late Night Corridor Transition Slot,12302,Howrah Rajdhani Express (NDLS-HWH),Rajdhani Express,G-BOXN-Coal-04,Heavy Coal Rake (DDU-Dadri NTPC),Freight (Heavy Mineral),1,0,20000,1,1,3
WIN-ETW-CNB-UP-1025,NDLS-DDU Golden Diagonal HDN-1,ETW-CNB,Etawah (ETW) - Kanpur Central (CNB),UP_MAIN,2026-09-27,13:00,15:30,165,Mid-Day Freight Shadow Gap,14218,Unchahar Express (CDG-PRG),Mail/Express,12302,Howrah Rajdhani Express (NDLS-HWH),Rajdhani Express,3,1,100000,0,1,3
WIN-ETW-CNB-UP-1026,NDLS-DDU Golden Diagonal HDN-1,ETW-CNB,Etawah (ETW) - Kanpur Central (CNB),UP_MAIN,2026-09-28,00:15,03:45,210,Night Heavy Maintenance Slot (Ideal),12560,Shiv Ganga Express (NDLS-BSB),Superfast Express,12418,Prayagraj Express (NDLS-PRYJ),Superfast Express,1,0,20000,1,1,3
WIN-GZB-ALJN-UP-1027,NDLS-DDU Golden Diagonal HDN-1,GZB-ALJN,Ghaziabad (GZB) - Aligarh (ALJN),UP_MAIN,2026-09-29,02:00,05:30,240,Early Morning Twilight Window,12876,Neelachal Express (ANVT-PURI),Superfast Express,12302,Howrah Rajdhani Express (NDLS-HWH),Rajdhani Express,1,0,20000,1,1,3
WIN-MZP-DDU-DN-1028,NDLS-DDU Golden Diagonal HDN-1,MZP-DDU,Mirzapur (MZP) - Pt. DD Upadhyaya (DDU),DN_MAIN,2026-09-23,02:00,05:30,240,Early Morning Twilight Window,12560,Shiv Ganga Express (NDLS-BSB),Superfast Express,22436,Vande Bharat Express (NDLS-BSB),Vande Bharat,2,0,40000,1,1,2
WIN-GZB-ALJN-DN-1029,NDLS-DDU Golden Diagonal HDN-1,GZB-ALJN,Ghaziabad (GZB) - Aligarh (ALJN),DN_MAIN,2026-09-24,11:15,13:45,180,Afternoon Lean Passenger Gap,12302,Howrah Rajdhani Express (NDLS-HWH),Rajdhani Express,G-CONCOR-01,Container Freight Express (TKD-DDU),Freight (Container),0,0,0,1,1,2
WIN-TDL-ETW-UP-1030,NDLS-DDU Golden Diagonal HDN-1,TDL-ETW,Tundla (TDL) - Etawah (ETW),UP_MAIN,2026-09-25,01:30,04:30,180,Night Deep Window (Ideal),12560,Shiv Ganga Express (NDLS-BSB),Superfast Express,12310,Patna Rajdhani Express (NDLS-PNBE),Rajdhani Express,3,0,60000,1,1,5
WIN-ALJN-TDL-UP-1031,NDLS-DDU Golden Diagonal HDN-1,ALJN-TDL,Aligarh (ALJN) - Tundla (TDL),UP_MAIN,2026-09-26,23:30,02:30,165,Late Night Corridor Transition Slot,12560,Shiv Ganga Express (NDLS-BSB),Superfast Express,12310,Patna Rajdhani Express (NDLS-PNBE),Rajdhani Express,1,0,20000,0,1,5
WIN-PRYJ-MZP-UP-1032,NDLS-DDU Golden Diagonal HDN-1,PRYJ-MZP,Prayagraj Jn (PRYJ) - Mirzapur (MZP),UP_MAIN,2026-09-27,01:30,04:30,180,Night Deep Window (Ideal),14218,Unchahar Express (CDG-PRG),Mail/Express,12560,Shiv Ganga Express (NDLS-BSB),Superfast Express,1,0,20000,1,1,2
WIN-CNB-FTP-DN-1033,NDLS-DDU Golden Diagonal HDN-1,CNB-FTP,Kanpur Central (CNB) - Fatehpur (FTP),DN_MAIN,2026-09-28,23:30,02:30,180,Late Night Corridor Transition Slot,12876,Neelachal Express (ANVT-PURI),Superfast Express,12560,Shiv Ganga Express (NDLS-BSB),Superfast Express,1,0,20000,1,1,5
WIN-ETW-CNB-UP-1034,NDLS-DDU Golden Diagonal HDN-1,ETW-CNB,Etawah (ETW) - Kanpur Central (CNB),UP_MAIN,2026-09-29,11:15,13:45,180,Afternoon Lean Passenger Gap,12876,Neelachal Express (ANVT-PURI),Superfast Express,14218,Unchahar Express (CDG-PRG),Mail/Express,2,0,40000,1,1,5
WIN-TDL-ETW-UP-1035,NDLS-DDU Golden Diagonal HDN-1,TDL-ETW,Tundla (TDL) - Etawah (ETW),UP_MAIN,2026-09-23,23:30,02:30,180,Late Night Corridor Transition Slot,12302,Howrah Rajdhani Express (NDLS-HWH),Rajdhani Express,12560,Shiv Ganga Express (NDLS-BSB),Superfast Express,3,0,60000,1,1,3
WIN-PRYJ-MZP-UP-1036,NDLS-DDU Golden Diagonal HDN-1,PRYJ-MZP,Prayagraj Jn (PRYJ) - Mirzapur (MZP),UP_MAIN,2026-09-24,11:15,13:45,150,Afternoon Lean Passenger Gap,22436,Vande Bharat Express (NDLS-BSB),Vande Bharat,G-BOXN-Coal-04,Heavy Coal Rake (DDU-Dadri NTPC),Freight (Heavy Mineral),0,1,150000,0,1,5
WIN-PRYJ-MZP-DN-1037,NDLS-DDU Golden Diagonal HDN-1,PRYJ-MZP,Prayagraj Jn (PRYJ) - Mirzapur (MZP),DN_MAIN,2026-09-25,23:30,02:30,180,Late Night Corridor Transition Slot,12560,Shiv Ganga Express (NDLS-BSB),Superfast Express,22436,Vande Bharat Express (NDLS-BSB),Vande Bharat,1,0,20000,1,1,5
WIN-MZP-DDU-UP-1038,NDLS-DDU Golden Diagonal HDN-1,MZP-DDU,Mirzapur (MZP) - Pt. DD Upadhyaya (DDU),UP_MAIN,2026-09-26,13:00,15:30,150,Mid-Day Freight Shadow Gap,14218,Unchahar Express (CDG-PRG),Mail/Express,G-BCN-Foodgrain-02,FCI Foodgrain Rake (PNBE-UMB),Freight (General),3,0,60000,0,1,4
WIN-ALJN-TDL-UP-1039,NDLS-DDU Golden Diagonal HDN-1,ALJN-TDL,Aligarh (ALJN) - Tundla (TDL),UP_MAIN,2026-09-27,13:00,15:30,150,Mid-Day Freight Shadow Gap,12560,Shiv Ganga Express (NDLS-BSB),Superfast Express,12876,Neelachal Express (ANVT-PURI),Superfast Express,2,0,40000,0,1,2
WIN-CNB-FTP-DN-1040,NDLS-DDU Golden Diagonal HDN-1,CNB-FTP,Kanpur Central (CNB) - Fatehpur (FTP),DN_MAIN,2026-09-28,23:30,02:30,165,Late Night Corridor Transition Slot,12310,Patna Rajdhani Express (NDLS-PNBE),Rajdhani Express,22436,Vande Bharat Express (NDLS-BSB),Vande Bharat,2,0,40000,0,1,3
WIN-CNB-FTP-DN-1041,NDLS-DDU Golden Diagonal HDN-1,CNB-FTP,Kanpur Central (CNB) - Fatehpur (FTP),DN_MAIN,2026-09-29,13:00,15:30,135,Mid-Day Freight Shadow Gap,12302,Howrah Rajdhani Express (NDLS-HWH),Rajdhani Express,G-BCN-Foodgrain-02,FCI Foodgrain Rake (PNBE-UMB),Freight (General),2,1,170000,0,1,4
WIN-ALJN-TDL-UP-1042,NDLS-DDU Golden Diagonal HDN-1,ALJN-TDL,Aligarh (ALJN) - Tundla (TDL),UP_MAIN,2026-09-23,23:30,02:30,180,Late Night Corridor Transition Slot,12302,Howrah Rajdhani Express (NDLS-HWH),Rajdhani Express,14218,Unchahar Express (CDG-PRG),Mail/Express,0,0,0,1,1,5
WIN-FTP-PRYJ-UP-1043,NDLS-DDU Golden Diagonal HDN-1,FTP-PRYJ,Fatehpur (FTP) - Prayagraj Jn (PRYJ),UP_MAIN,2026-09-24,23:30,02:30,180,Late Night Corridor Transition Slot,12004,Lucknow Swarna Shatabdi (NDLS-LKO),Shatabdi Express,12560,Shiv Ganga Express (NDLS-BSB),Superfast Express,2,0,40000,1,1,3
WIN-PRYJ-MZP-UP-1044,NDLS-DDU Golden Diagonal HDN-1,PRYJ-MZP,Prayagraj Jn (PRYJ) - Mirzapur (MZP),UP_MAIN,2026-09-25,00:15,03:45,240,Night Heavy Maintenance Slot (Ideal),12560,Shiv Ganga Express (NDLS-BSB),Superfast Express,04124,Kanpur-Prayagraj MEMU Special,Passenger/MEMU,1,0,20000,1,1,4
WIN-MZP-DDU-UP-1045,NDLS-DDU Golden Diagonal HDN-1,MZP-DDU,Mirzapur (MZP) - Pt. DD Upadhyaya (DDU),UP_MAIN,2026-09-26,01:30,04:30,165,Night Deep Window (Ideal),12876,Neelachal Express (ANVT-PURI),Superfast Express,12302,Howrah Rajdhani Express (NDLS-HWH),Rajdhani Express,0,0,0,0,1,5
WIN-TDL-ETW-DN-1046,NDLS-DDU Golden Diagonal HDN-1,TDL-ETW,Tundla (TDL) - Etawah (ETW),DN_MAIN,2026-09-27,01:30,04:30,180,Night Deep Window (Ideal),14218,Unchahar Express (CDG-PRG),Mail/Express,12302,Howrah Rajdhani Express (NDLS-HWH),Rajdhani Express,3,0,60000,1,1,5
WIN-CNB-FTP-DN-1047,NDLS-DDU Golden Diagonal HDN-1,CNB-FTP,Kanpur Central (CNB) - Fatehpur (FTP),DN_MAIN,2026-09-28,23:30,02:30,195,Late Night Corridor Transition Slot,12876,Neelachal Express (ANVT-PURI),Superfast Express,14218,Unchahar Express (CDG-PRG),Mail/Express,3,0,60000,1,1,3
WIN-TDL-ETW-UP-1048,NDLS-DDU Golden Diagonal HDN-1,TDL-ETW,Tundla (TDL) - Etawah (ETW),UP_MAIN,2026-09-29,11:15,13:45,180,Afternoon Lean Passenger Gap,14218,Unchahar Express (CDG-PRG),Mail/Express,12310,Patna Rajdhani Express (NDLS-PNBE),Rajdhani Express,0,0,0,1,1,5
WIN-MZP-DDU-UP-1049,NDLS-DDU Golden Diagonal HDN-1,MZP-DDU,Mirzapur (MZP) - Pt. DD Upadhyaya (DDU),UP_MAIN,2026-09-23,23:30,02:30,180,Late Night Corridor Transition Slot,12310,Patna Rajdhani Express (NDLS-PNBE),Rajdhani Express,04124,Kanpur-Prayagraj MEMU Special,Passenger/MEMU,0,0,0,1,1,5
WIN-ALJN-TDL-UP-1050,NDLS-DDU Golden Diagonal HDN-1,ALJN-TDL,Aligarh (ALJN) - Tundla (TDL),UP_MAIN,2026-09-24,02:00,05:30,240,Early Morning Twilight Window,12418,Prayagraj Express (NDLS-PRYJ),Superfast Express,22436,Vande Bharat Express (NDLS-BSB),Vande Bharat,1,0,20000,1,1,4
WIN-CNB-FTP-DN-1051,NDLS-DDU Golden Diagonal HDN-1,CNB-FTP,Kanpur Central (CNB) - Fatehpur (FTP),DN_MAIN,2026-09-25,02:00,05:30,195,Early Morning Twilight Window,12418,Prayagraj Express (NDLS-PRYJ),Superfast Express,14218,Unchahar Express (CDG-PRG),Mail/Express,1,0,20000,1,1,5
WIN-GZB-ALJN-DN-1052,NDLS-DDU Golden Diagonal HDN-1,GZB-ALJN,Ghaziabad (GZB) - Aligarh (ALJN),DN_MAIN,2026-09-26,02:00,05:30,225,Early Morning Twilight Window,12004,Lucknow Swarna Shatabdi (NDLS-LKO),Shatabdi Express,12310,Patna Rajdhani Express (NDLS-PNBE),Rajdhani Express,0,0,0,1,1,4
WIN-ALJN-TDL-UP-1053,NDLS-DDU Golden Diagonal HDN-1,ALJN-TDL,Aligarh (ALJN) - Tundla (TDL),UP_MAIN,2026-09-27,11:15,13:45,150,Afternoon Lean Passenger Gap,14218,Unchahar Express (CDG-PRG),Mail/Express,G-CONCOR-01,Container Freight Express (TKD-DDU),Freight (Container),3,1,100000,0,1,5
WIN-MZP-DDU-UP-1054,NDLS-DDU Golden Diagonal HDN-1,MZP-DDU,Mirzapur (MZP) - Pt. DD Upadhyaya (DDU),UP_MAIN,2026-09-28,01:30,04:30,195,Night Deep Window (Ideal),14218,Unchahar Express (CDG-PRG),Mail/Express,G-BOXN-Coal-04,Heavy Coal Rake (DDU-Dadri NTPC),Freight (Heavy Mineral),1,0,20000,1,1,4
WIN-ALJN-TDL-DN-1055,NDLS-DDU Golden Diagonal HDN-1,ALJN-TDL,Aligarh (ALJN) - Tundla (TDL),DN_MAIN,2026-09-29,11:15,13:45,150,Afternoon Lean Passenger Gap,12004,Lucknow Swarna Shatabdi (NDLS-LKO),Shatabdi Express,12876,Neelachal Express (ANVT-PURI),Superfast Express,0,1,110000,0,1,4
WIN-ALJN-TDL-UP-1056,NDLS-DDU Golden Diagonal HDN-1,ALJN-TDL,Aligarh (ALJN) - Tundla (TDL),UP_MAIN,2026-09-23,23:30,02:30,180,Late Night Corridor Transition Slot,22436,Vande Bharat Express (NDLS-BSB),Vande Bharat,G-CONCOR-01,Container Freight Express (TKD-DDU),Freight (Container),0,0,0,1,1,2
WIN-ETW-CNB-UP-1057,NDLS-DDU Golden Diagonal HDN-1,ETW-CNB,Etawah (ETW) - Kanpur Central (CNB),UP_MAIN,2026-09-24,13:00,15:30,180,Mid-Day Freight Shadow Gap,12004,Lucknow Swarna Shatabdi (NDLS-LKO),Shatabdi Express,14218,Unchahar Express (CDG-PRG),Mail/Express,0,0,0,1,1,3
WIN-GZB-ALJN-DN-1058,NDLS-DDU Golden Diagonal HDN-1,GZB-ALJN,Ghaziabad (GZB) - Aligarh (ALJN),DN_MAIN,2026-09-25,01:30,04:30,210,Night Deep Window (Ideal),12004,Lucknow Swarna Shatabdi (NDLS-LKO),Shatabdi Express,G-BCN-Foodgrain-02,FCI Foodgrain Rake (PNBE-UMB),Freight (General),3,0,60000,1,1,2
WIN-FTP-PRYJ-DN-1059,NDLS-DDU Golden Diagonal HDN-1,FTP-PRYJ,Fatehpur (FTP) - Prayagraj Jn (PRYJ),DN_MAIN,2026-09-26,13:00,15:30,135,Mid-Day Freight Shadow Gap,22436,Vande Bharat Express (NDLS-BSB),Vande Bharat,14218,Unchahar Express (CDG-PRG),Mail/Express,2,1,190000,0,1,3
WIN-PRYJ-MZP-UP-1060,NDLS-DDU Golden Diagonal HDN-1,PRYJ-MZP,Prayagraj Jn (PRYJ) - Mirzapur (MZP),UP_MAIN,2026-09-27,13:00,15:30,150,Mid-Day Freight Shadow Gap,12560,Shiv Ganga Express (NDLS-BSB),Superfast Express,12876,Neelachal Express (ANVT-PURI),Superfast Express,0,0,0,0,1,2
WIN-TDL-ETW-DN-1061,NDLS-DDU Golden Diagonal HDN-1,TDL-ETW,Tundla (TDL) - Etawah (ETW),DN_MAIN,2026-09-28,01:30,04:30,165,Night Deep Window (Ideal),12310,Patna Rajdhani Express (NDLS-PNBE),Rajdhani Express,12418,Prayagraj Express (NDLS-PRYJ),Superfast Express,1,0,20000,0,1,4
WIN-PRYJ-MZP-UP-1062,NDLS-DDU Golden Diagonal HDN-1,PRYJ-MZP,Prayagraj Jn (PRYJ) - Mirzapur (MZP),UP_MAIN,2026-09-29,00:15,03:45,195,Night Heavy Maintenance Slot (Ideal),12560,Shiv Ganga Express (NDLS-BSB),Superfast Express,12310,Patna Rajdhani Express (NDLS-PNBE),Rajdhani Express,0,0,0,1,1,4
WIN-PRYJ-MZP-UP-1063,NDLS-DDU Golden Diagonal HDN-1,PRYJ-MZP,Prayagraj Jn (PRYJ) - Mirzapur (MZP),UP_MAIN,2026-09-23,02:00,05:30,210,Early Morning Twilight Window,12310,Patna Rajdhani Express (NDLS-PNBE),Rajdhani Express,12876,Neelachal Express (ANVT-PURI),Superfast Express,2,1,160000,0,1,2
WIN-GZB-ALJN-UP-1064,NDLS-DDU Golden Diagonal HDN-1,GZB-ALJN,Ghaziabad (GZB) - Aligarh (ALJN),UP_MAIN,2026-09-24,01:30,04:30,210,Night Deep Window (Ideal),12004,Lucknow Swarna Shatabdi (NDLS-LKO),Shatabdi Express,14218,Unchahar Express (CDG-PRG),Mail/Express,3,0,60000,1,1,2
WIN-CNB-FTP-UP-1065,NDLS-DDU Golden Diagonal HDN-1,CNB-FTP,Kanpur Central (CNB) - Fatehpur (FTP),UP_MAIN,2026-09-25,02:00,05:30,225,Early Morning Twilight Window,14218,Unchahar Express (CDG-PRG),Mail/Express,04124,Kanpur-Prayagraj MEMU Special,Passenger/MEMU,0,1,40000,0,1,2
WIN-PRYJ-MZP-UP-1066,NDLS-DDU Golden Diagonal HDN-1,PRYJ-MZP,Prayagraj Jn (PRYJ) - Mirzapur (MZP),UP_MAIN,2026-09-26,00:15,03:45,240,Night Heavy Maintenance Slot (Ideal),12418,Prayagraj Express (NDLS-PRYJ),Superfast Express,04124,Kanpur-Prayagraj MEMU Special,Passenger/MEMU,0,0,0,1,1,3
WIN-TDL-ETW-DN-1067,NDLS-DDU Golden Diagonal HDN-1,TDL-ETW,Tundla (TDL) - Etawah (ETW),DN_MAIN,2026-09-27,13:00,15:30,135,Mid-Day Freight Shadow Gap,12876,Neelachal Express (ANVT-PURI),Superfast Express,14218,Unchahar Express (CDG-PRG),Mail/Express,1,0,20000,0,1,4
WIN-TDL-ETW-UP-1068,NDLS-DDU Golden Diagonal HDN-1,TDL-ETW,Tundla (TDL) - Etawah (ETW),UP_MAIN,2026-09-28,13:00,15:30,165,Mid-Day Freight Shadow Gap,12876,Neelachal Express (ANVT-PURI),Superfast Express,04124,Kanpur-Prayagraj MEMU Special,Passenger/MEMU,0,0,0,0,1,5
WIN-CNB-FTP-UP-1069,NDLS-DDU Golden Diagonal HDN-1,CNB-FTP,Kanpur Central (CNB) - Fatehpur (FTP),UP_MAIN,2026-09-29,00:15,03:45,210,Night Heavy Maintenance Slot (Ideal),22436,Vande Bharat Express (NDLS-BSB),Vande Bharat,14218,Unchahar Express (CDG-PRG),Mail/Express,2,0,40000,1,1,5
WIN-FTP-PRYJ-UP-1070,NDLS-DDU Golden Diagonal HDN-1,FTP-PRYJ,Fatehpur (FTP) - Prayagraj Jn (PRYJ),UP_MAIN,2026-09-23,13:00,15:30,150,Mid-Day Freight Shadow Gap,12418,Prayagraj Express (NDLS-PRYJ),Superfast Express,22436,Vande Bharat Express (NDLS-BSB),Vande Bharat,0,1,70000,0,1,2
WIN-PRYJ-MZP-UP-1071,NDLS-DDU Golden Diagonal HDN-1,PRYJ-MZP,Prayagraj Jn (PRYJ) - Mirzapur (MZP),UP_MAIN,2026-09-24,01:30,04:30,180,Night Deep Window (Ideal),12418,Prayagraj Express (NDLS-PRYJ),Superfast Express,12876,Neelachal Express (ANVT-PURI),Superfast Express,2,0,40000,1,1,4
WIN-CNB-FTP-DN-1072,NDLS-DDU Golden Diagonal HDN-1,CNB-FTP,Kanpur Central (CNB) - Fatehpur (FTP),DN_MAIN,2026-09-25,02:00,05:30,210,Early Morning Twilight Window,12004,Lucknow Swarna Shatabdi (NDLS-LKO),Shatabdi Express,G-BOXN-Coal-04,Heavy Coal Rake (DDU-Dadri NTPC),Freight (Heavy Mineral),2,0,40000,1,1,5
WIN-FTP-PRYJ-UP-1073,NDLS-DDU Golden Diagonal HDN-1,FTP-PRYJ,Fatehpur (FTP) - Prayagraj Jn (PRYJ),UP_MAIN,2026-09-26,23:30,02:30,165,Late Night Corridor Transition Slot,12310,Patna Rajdhani Express (NDLS-PNBE),Rajdhani Express,G-BOXN-Coal-04,Heavy Coal Rake (DDU-Dadri NTPC),Freight (Heavy Mineral),3,0,60000,0,1,2
WIN-GZB-ALJN-UP-1074,NDLS-DDU Golden Diagonal HDN-1,GZB-ALJN,Ghaziabad (GZB) - Aligarh (ALJN),UP_MAIN,2026-09-27,11:15,13:45,180,Afternoon Lean Passenger Gap,14218,Unchahar Express (CDG-PRG),Mail/Express,12876,Neelachal Express (ANVT-PURI),Superfast Express,0,0,0,1,1,2
WIN-MZP-DDU-UP-1075,NDLS-DDU Golden Diagonal HDN-1,MZP-DDU,Mirzapur (MZP) - Pt. DD Upadhyaya (DDU),UP_MAIN,2026-09-28,02:00,05:30,210,Early Morning Twilight Window,12876,Neelachal Express (ANVT-PURI),Superfast Express,G-CONCOR-01,Container Freight Express (TKD-DDU),Freight (Container),3,0,60000,1,1,2
WIN-ALJN-TDL-DN-1076,NDLS-DDU Golden Diagonal HDN-1,ALJN-TDL,Aligarh (ALJN) - Tundla (TDL),DN_MAIN,2026-09-29,02:00,05:30,195,Early Morning Twilight Window,12004,Lucknow Swarna Shatabdi (NDLS-LKO),Shatabdi Express,14218,Unchahar Express (CDG-PRG),Mail/Express,1,0,20000,1,1,4
WIN-FTP-PRYJ-UP-1077,NDLS-DDU Golden Diagonal HDN-1,FTP-PRYJ,Fatehpur (FTP) - Prayagraj Jn (PRYJ),UP_MAIN,2026-09-23,00:15,03:45,210,Night Heavy Maintenance Slot (Ideal),12418,Prayagraj Express (NDLS-PRYJ),Superfast Express,G-BCN-Foodgrain-02,FCI Foodgrain Rake (PNBE-UMB),Freight (General),1,0,20000,1,1,5
WIN-FTP-PRYJ-UP-1078,NDLS-DDU Golden Diagonal HDN-1,FTP-PRYJ,Fatehpur (FTP) - Prayagraj Jn (PRYJ),UP_MAIN,2026-09-24,02:00,05:30,240,Early Morning Twilight Window,14218,Unchahar Express (CDG-PRG),Mail/Express,G-BCN-Foodgrain-02,FCI Foodgrain Rake (PNBE-UMB),Freight (General),1,0,20000,1,1,3
WIN-PRYJ-MZP-UP-1079,NDLS-DDU Golden Diagonal HDN-1,PRYJ-MZP,Prayagraj Jn (PRYJ) - Mirzapur (MZP),UP_MAIN,2026-09-25,02:00,05:30,240,Early Morning Twilight Window,14218,Unchahar Express (CDG-PRG),Mail/Express,12310,Patna Rajdhani Express (NDLS-PNBE),Rajdhani Express,1,0,20000,1,1,2
WIN-TDL-ETW-UP-1080,NDLS-DDU Golden Diagonal HDN-1,TDL-ETW,Tundla (TDL) - Etawah (ETW),UP_MAIN,2026-09-26,01:30,04:30,180,Night Deep Window (Ideal),12418,Prayagraj Express (NDLS-PRYJ),Superfast Express,G-CONCOR-01,Container Freight Express (TKD-DDU),Freight (Container),2,0,40000,1,1,3
WIN-GZB-ALJN-DN-1081,NDLS-DDU Golden Diagonal HDN-1,GZB-ALJN,Ghaziabad (GZB) - Aligarh (ALJN),DN_MAIN,2026-09-27,23:30,02:30,195,Late Night Corridor Transition Slot,14218,Unchahar Express (CDG-PRG),Mail/Express,22436,Vande Bharat Express (NDLS-BSB),Vande Bharat,0,0,0,1,1,4
WIN-PRYJ-MZP-DN-1082,NDLS-DDU Golden Diagonal HDN-1,PRYJ-MZP,Prayagraj Jn (PRYJ) - Mirzapur (MZP),DN_MAIN,2026-09-28,02:00,05:30,240,Early Morning Twilight Window,12302,Howrah Rajdhani Express (NDLS-HWH),Rajdhani Express,G-BOXN-Coal-04,Heavy Coal Rake (DDU-Dadri NTPC),Freight (Heavy Mineral),3,1,190000,0,1,4
WIN-GZB-ALJN-UP-1083,NDLS-DDU Golden Diagonal HDN-1,GZB-ALJN,Ghaziabad (GZB) - Aligarh (ALJN),UP_MAIN,2026-09-29,00:15,03:45,240,Night Heavy Maintenance Slot (Ideal),12418,Prayagraj Express (NDLS-PRYJ),Superfast Express,12876,Neelachal Express (ANVT-PURI),Superfast Express,3,0,60000,1,1,4
WIN-GZB-ALJN-DN-1084,NDLS-DDU Golden Diagonal HDN-1,GZB-ALJN,Ghaziabad (GZB) - Aligarh (ALJN),DN_MAIN,2026-09-23,01:30,04:30,210,Night Deep Window (Ideal),12560,Shiv Ganga Express (NDLS-BSB),Superfast Express,12302,Howrah Rajdhani Express (NDLS-HWH),Rajdhani Express,0,0,0,1,1,3
WIN-PRYJ-MZP-UP-1085,NDLS-DDU Golden Diagonal HDN-1,PRYJ-MZP,Prayagraj Jn (PRYJ) - Mirzapur (MZP),UP_MAIN,2026-09-24,01:30,04:30,180,Night Deep Window (Ideal),12004,Lucknow Swarna Shatabdi (NDLS-LKO),Shatabdi Express,12310,Patna Rajdhani Express (NDLS-PNBE),Rajdhani Express,2,0,40000,1,1,2
WIN-ALJN-TDL-UP-1086,NDLS-DDU Golden Diagonal HDN-1,ALJN-TDL,Aligarh (ALJN) - Tundla (TDL),UP_MAIN,2026-09-25,11:15,13:45,180,Afternoon Lean Passenger Gap,12876,Neelachal Express (ANVT-PURI),Superfast Express,22436,Vande Bharat Express (NDLS-BSB),Vande Bharat,2,1,100000,0,1,3
WIN-ALJN-TDL-DN-1087,NDLS-DDU Golden Diagonal HDN-1,ALJN-TDL,Aligarh (ALJN) - Tundla (TDL),DN_MAIN,2026-09-26,01:30,04:30,180,Night Deep Window (Ideal),12560,Shiv Ganga Express (NDLS-BSB),Superfast Express,22436,Vande Bharat Express (NDLS-BSB),Vande Bharat,1,0,20000,1,1,2
WIN-MZP-DDU-UP-1088,NDLS-DDU Golden Diagonal HDN-1,MZP-DDU,Mirzapur (MZP) - Pt. DD Upadhyaya (DDU),UP_MAIN,2026-09-27,23:30,02:30,165,Late Night Corridor Transition Slot,14218,Unchahar Express (CDG-PRG),Mail/Express,G-CONCOR-01,Container Freight Express (TKD-DDU),Freight (Container),0,0,0,0,1,2
WIN-GZB-ALJN-DN-1089,NDLS-DDU Golden Diagonal HDN-1,GZB-ALJN,Ghaziabad (GZB) - Aligarh (ALJN),DN_MAIN,2026-09-28,02:00,05:30,195,Early Morning Twilight Window,12302,Howrah Rajdhani Express (NDLS-HWH),Rajdhani Express,12310,Patna Rajdhani Express (NDLS-PNBE),Rajdhani Express,3,0,60000,1,1,4
WIN-PRYJ-MZP-UP-1090,NDLS-DDU Golden Diagonal HDN-1,PRYJ-MZP,Prayagraj Jn (PRYJ) - Mirzapur (MZP),UP_MAIN,2026-09-29,00:15,03:45,195,Night Heavy Maintenance Slot (Ideal),22436,Vande Bharat Express (NDLS-BSB),Vande Bharat,04124,Kanpur-Prayagraj MEMU Special,Passenger/MEMU,2,0,40000,1,1,5
WIN-PRYJ-MZP-UP-1091,NDLS-DDU Golden Diagonal HDN-1,PRYJ-MZP,Prayagraj Jn (PRYJ) - Mirzapur (MZP),UP_MAIN,2026-09-23,13:00,15:30,180,Mid-Day Freight Shadow Gap,12876,Neelachal Express (ANVT-PURI),Superfast Express,12004,Lucknow Swarna Shatabdi (NDLS-LKO),Shatabdi Express,0,1,60000,0,1,5
WIN-MZP-DDU-DN-1092,NDLS-DDU Golden Diagonal HDN-1,MZP-DDU,Mirzapur (MZP) - Pt. DD Upadhyaya (DDU),DN_MAIN,2026-09-24,13:00,15:30,135,Mid-Day Freight Shadow Gap,12302,Howrah Rajdhani Express (NDLS-HWH),Rajdhani Express,12560,Shiv Ganga Express (NDLS-BSB),Superfast Express,3,1,190000,0,1,3
WIN-ALJN-TDL-UP-1093,NDLS-DDU Golden Diagonal HDN-1,ALJN-TDL,Aligarh (ALJN) - Tundla (TDL),UP_MAIN,2026-09-25,00:15,03:45,210,Night Heavy Maintenance Slot (Ideal),12302,Howrah Rajdhani Express (NDLS-HWH),Rajdhani Express,G-CONCOR-01,Container Freight Express (TKD-DDU),Freight (Container),1,0,20000,1,1,4
WIN-FTP-PRYJ-DN-1094,NDLS-DDU Golden Diagonal HDN-1,FTP-PRYJ,Fatehpur (FTP) - Prayagraj Jn (PRYJ),DN_MAIN,2026-09-26,11:15,13:45,150,Afternoon Lean Passenger Gap,14218,Unchahar Express (CDG-PRG),Mail/Express,12310,Patna Rajdhani Express (NDLS-PNBE),Rajdhani Express,1,0,20000,0,1,2
WIN-TDL-ETW-DN-1095,NDLS-DDU Golden Diagonal HDN-1,TDL-ETW,Tundla (TDL) - Etawah (ETW),DN_MAIN,2026-09-27,13:00,15:30,150,Mid-Day Freight Shadow Gap,12876,Neelachal Express (ANVT-PURI),Superfast Express,04124,Kanpur-Prayagraj MEMU Special,Passenger/MEMU,2,0,40000,0,1,3
WIN-MZP-DDU-DN-1096,NDLS-DDU Golden Diagonal HDN-1,MZP-DDU,Mirzapur (MZP) - Pt. DD Upadhyaya (DDU),DN_MAIN,2026-09-28,13:00,15:30,150,Mid-Day Freight Shadow Gap,12560,Shiv Ganga Express (NDLS-BSB),Superfast Express,12418,Prayagraj Express (NDLS-PRYJ),Superfast Express,0,0,0,0,1,2
WIN-ETW-CNB-UP-1097,NDLS-DDU Golden Diagonal HDN-1,ETW-CNB,Etawah (ETW) - Kanpur Central (CNB),UP_MAIN,2026-09-29,11:15,13:45,150,Afternoon Lean Passenger Gap,12560,Shiv Ganga Express (NDLS-BSB),Superfast Express,12004,Lucknow Swarna Shatabdi (NDLS-LKO),Shatabdi Express,1,0,20000,0,1,4
WIN-ETW-CNB-DN-1098,NDLS-DDU Golden Diagonal HDN-1,ETW-CNB,Etawah (ETW) - Kanpur Central (CNB),DN_MAIN,2026-09-23,23:30,02:30,180,Late Night Corridor Transition Slot,14218,Unchahar Express (CDG-PRG),Mail/Express,G-CONCOR-01,Container Freight Express (TKD-DDU),Freight (Container),2,0,40000,1,1,4
WIN-PRYJ-MZP-DN-1099,NDLS-DDU Golden Diagonal HDN-1,PRYJ-MZP,Prayagraj Jn (PRYJ) - Mirzapur (MZP),DN_MAIN,2026-09-24,01:30,04:30,165,Night Deep Window (Ideal),12302,Howrah Rajdhani Express (NDLS-HWH),Rajdhani Express,14218,Unchahar Express (CDG-PRG),Mail/Express,3,0,60000,0,1,3
WIN-GZB-ALJN-UP-1100,NDLS-DDU Golden Diagonal HDN-1,GZB-ALJN,Ghaziabad (GZB) - Aligarh (ALJN),UP_MAIN,2026-09-25,23:30,02:30,210,Late Night Corridor Transition Slot,12004,Lucknow Swarna Shatabdi (NDLS-LKO),Shatabdi Express,14218,Unchahar Express (CDG-PRG),Mail/Express,1,0,20000,1,1,3
WIN-MZP-DDU-DN-1101,NDLS-DDU Golden Diagonal HDN-1,MZP-DDU,Mirzapur (MZP) - Pt. DD Upadhyaya (DDU),DN_MAIN,2026-09-26,23:30,02:30,195,Late Night Corridor Transition Slot,12876,Neelachal Express (ANVT-PURI),Superfast Express,12004,Lucknow Swarna Shatabdi (NDLS-LKO),Shatabdi Express,1,0,20000,1,1,2
WIN-FTP-PRYJ-UP-1102,NDLS-DDU Golden Diagonal HDN-1,FTP-PRYJ,Fatehpur (FTP) - Prayagraj Jn (PRYJ),UP_MAIN,2026-09-27,00:15,03:45,240,Night Heavy Maintenance Slot (Ideal),12560,Shiv Ganga Express (NDLS-BSB),Superfast Express,22436,Vande Bharat Express (NDLS-BSB),Vande Bharat,0,0,0,1,1,3
WIN-CNB-FTP-DN-1103,NDLS-DDU Golden Diagonal HDN-1,CNB-FTP,Kanpur Central (CNB) - Fatehpur (FTP),DN_MAIN,2026-09-28,01:30,04:30,165,Night Deep Window (Ideal),12560,Shiv Ganga Express (NDLS-BSB),Superfast Express,22436,Vande Bharat Express (NDLS-BSB),Vande Bharat,1,0,20000,0,1,3
WIN-CNB-FTP-UP-1104,NDLS-DDU Golden Diagonal HDN-1,CNB-FTP,Kanpur Central (CNB) - Fatehpur (FTP),UP_MAIN,2026-09-29,01:30,04:30,180,Night Deep Window (Ideal),12418,Prayagraj Express (NDLS-PRYJ),Superfast Express,G-BCN-Foodgrain-02,FCI Foodgrain Rake (PNBE-UMB),Freight (General),2,0,40000,1,1,3
WIN-TDL-ETW-UP-1105,NDLS-DDU Golden Diagonal HDN-1,TDL-ETW,Tundla (TDL) - Etawah (ETW),UP_MAIN,2026-09-23,00:15,03:45,195,Night Heavy Maintenance Slot (Ideal),12310,Patna Rajdhani Express (NDLS-PNBE),Rajdhani Express,12418,Prayagraj Express (NDLS-PRYJ),Superfast Express,0,0,0,1,1,3
WIN-PRYJ-MZP-UP-1106,NDLS-DDU Golden Diagonal HDN-1,PRYJ-MZP,Prayagraj Jn (PRYJ) - Mirzapur (MZP),UP_MAIN,2026-09-24,02:00,05:30,225,Early Morning Twilight Window,12004,Lucknow Swarna Shatabdi (NDLS-LKO),Shatabdi Express,12418,Prayagraj Express (NDLS-PRYJ),Superfast Express,1,1,130000,0,1,4
WIN-TDL-ETW-DN-1107,NDLS-DDU Golden Diagonal HDN-1,TDL-ETW,Tundla (TDL) - Etawah (ETW),DN_MAIN,2026-09-25,23:30,02:30,180,Late Night Corridor Transition Slot,12302,Howrah Rajdhani Express (NDLS-HWH),Rajdhani Express,12310,Patna Rajdhani Express (NDLS-PNBE),Rajdhani Express,1,0,20000,1,1,3
WIN-PRYJ-MZP-DN-1108,NDLS-DDU Golden Diagonal HDN-1,PRYJ-MZP,Prayagraj Jn (PRYJ) - Mirzapur (MZP),DN_MAIN,2026-09-26,02:00,05:30,210,Early Morning Twilight Window,12876,Neelachal Express (ANVT-PURI),Superfast Express,G-BOXN-Coal-04,Heavy Coal Rake (DDU-Dadri NTPC),Freight (Heavy Mineral),0,0,0,1,1,4
WIN-TDL-ETW-DN-1109,NDLS-DDU Golden Diagonal HDN-1,TDL-ETW,Tundla (TDL) - Etawah (ETW),DN_MAIN,2026-09-27,01:30,04:30,180,Night Deep Window (Ideal),22436,Vande Bharat Express (NDLS-BSB),Vande Bharat,G-BOXN-Coal-04,Heavy Coal Rake (DDU-Dadri NTPC),Freight (Heavy Mineral),1,0,20000,1,1,5
WIN-ETW-CNB-UP-1110,NDLS-DDU Golden Diagonal HDN-1,ETW-CNB,Etawah (ETW) - Kanpur Central (CNB),UP_MAIN,2026-09-28,11:15,13:45,180,Afternoon Lean Passenger Gap,12302,Howrah Rajdhani Express (NDLS-HWH),Rajdhani Express,12310,Patna Rajdhani Express (NDLS-PNBE),Rajdhani Express,3,1,190000,0,1,5
WIN-MZP-DDU-UP-1111,NDLS-DDU Golden Diagonal HDN-1,MZP-DDU,Mirzapur (MZP) - Pt. DD Upadhyaya (DDU),UP_MAIN,2026-09-29,02:00,05:30,225,Early Morning Twilight Window,12560,Shiv Ganga Express (NDLS-BSB),Superfast Express,04124,Kanpur-Prayagraj MEMU Special,Passenger/MEMU,3,1,130000,0,1,4
WIN-PRYJ-MZP-UP-1112,NDLS-DDU Golden Diagonal HDN-1,PRYJ-MZP,Prayagraj Jn (PRYJ) - Mirzapur (MZP),UP_MAIN,2026-09-23,01:30,04:30,180,Night Deep Window (Ideal),12004,Lucknow Swarna Shatabdi (NDLS-LKO),Shatabdi Express,14218,Unchahar Express (CDG-PRG),Mail/Express,3,0,60000,1,1,3
WIN-CNB-FTP-DN-1113,NDLS-DDU Golden Diagonal HDN-1,CNB-FTP,Kanpur Central (CNB) - Fatehpur (FTP),DN_MAIN,2026-09-24,11:15,13:45,150,Afternoon Lean Passenger Gap,12310,Patna Rajdhani Express (NDLS-PNBE),Rajdhani Express,12560,Shiv Ganga Express (NDLS-BSB),Superfast Express,0,0,0,0,1,2
WIN-CNB-FTP-DN-1114,NDLS-DDU Golden Diagonal HDN-1,CNB-FTP,Kanpur Central (CNB) - Fatehpur (FTP),DN_MAIN,2026-09-25,13:00,15:30,180,Mid-Day Freight Shadow Gap,12560,Shiv Ganga Express (NDLS-BSB),Superfast Express,12004,Lucknow Swarna Shatabdi (NDLS-LKO),Shatabdi Express,0,1,70000,0,1,4
WIN-PRYJ-MZP-DN-1115,NDLS-DDU Golden Diagonal HDN-1,PRYJ-MZP,Prayagraj Jn (PRYJ) - Mirzapur (MZP),DN_MAIN,2026-09-26,11:15,13:45,165,Afternoon Lean Passenger Gap,12876,Neelachal Express (ANVT-PURI),Superfast Express,12560,Shiv Ganga Express (NDLS-BSB),Superfast Express,2,1,100000,0,1,5
WIN-GZB-ALJN-UP-1116,NDLS-DDU Golden Diagonal HDN-1,GZB-ALJN,Ghaziabad (GZB) - Aligarh (ALJN),UP_MAIN,2026-09-27,11:15,13:45,135,Afternoon Lean Passenger Gap,12004,Lucknow Swarna Shatabdi (NDLS-LKO),Shatabdi Express,12418,Prayagraj Express (NDLS-PRYJ),Superfast Express,2,0,40000,0,1,4
WIN-ALJN-TDL-DN-1117,NDLS-DDU Golden Diagonal HDN-1,ALJN-TDL,Aligarh (ALJN) - Tundla (TDL),DN_MAIN,2026-09-28,01:30,04:30,165,Night Deep Window (Ideal),12302,Howrah Rajdhani Express (NDLS-HWH),Rajdhani Express,12560,Shiv Ganga Express (NDLS-BSB),Superfast Express,1,0,20000,0,1,4
WIN-ETW-CNB-DN-1118,NDLS-DDU Golden Diagonal HDN-1,ETW-CNB,Etawah (ETW) - Kanpur Central (CNB),DN_MAIN,2026-09-29,02:00,05:30,210,Early Morning Twilight Window,12418,Prayagraj Express (NDLS-PRYJ),Superfast Express,G-BCN-Foodgrain-02,FCI Foodgrain Rake (PNBE-UMB),Freight (General),1,0,20000,1,1,4
WIN-GZB-ALJN-DN-1119,NDLS-DDU Golden Diagonal HDN-1,GZB-ALJN,Ghaziabad (GZB) - Aligarh (ALJN),DN_MAIN,2026-09-23,02:00,05:30,225,Early Morning Twilight Window,12560,Shiv Ganga Express (NDLS-BSB),Superfast Express,12876,Neelachal Express (ANVT-PURI),Superfast Express,0,1,70000,0,1,3
WIN-PRYJ-MZP-UP-1120,NDLS-DDU Golden Diagonal HDN-1,PRYJ-MZP,Prayagraj Jn (PRYJ) - Mirzapur (MZP),UP_MAIN,2026-09-24,01:30,04:30,180,Night Deep Window (Ideal),12004,Lucknow Swarna Shatabdi (NDLS-LKO),Shatabdi Express,14218,Unchahar Express (CDG-PRG),Mail/Express,3,0,60000,1,1,5
WIN-FTP-PRYJ-UP-1121,NDLS-DDU Golden Diagonal HDN-1,FTP-PRYJ,Fatehpur (FTP) - Prayagraj Jn (PRYJ),UP_MAIN,2026-09-25,02:00,05:30,225,Early Morning Twilight Window,12004,Lucknow Swarna Shatabdi (NDLS-LKO),Shatabdi Express,12876,Neelachal Express (ANVT-PURI),Superfast Express,1,1,130000,0,1,5
WIN-GZB-ALJN-DN-1122,NDLS-DDU Golden Diagonal HDN-1,GZB-ALJN,Ghaziabad (GZB) - Aligarh (ALJN),DN_MAIN,2026-09-26,01:30,04:30,165,Night Deep Window (Ideal),12310,Patna Rajdhani Express (NDLS-PNBE),Rajdhani Express,12418,Prayagraj Express (NDLS-PRYJ),Superfast Express,3,0,60000,0,1,4
WIN-FTP-PRYJ-UP-1123,NDLS-DDU Golden Diagonal HDN-1,FTP-PRYJ,Fatehpur (FTP) - Prayagraj Jn (PRYJ),UP_MAIN,2026-09-27,11:15,13:45,165,Afternoon Lean Passenger Gap,12876,Neelachal Express (ANVT-PURI),Superfast Express,G-BOXN-Coal-04,Heavy Coal Rake (DDU-Dadri NTPC),Freight (Heavy Mineral),2,1,100000,0,1,2
WIN-GZB-ALJN-UP-1124,NDLS-DDU Golden Diagonal HDN-1,GZB-ALJN,Ghaziabad (GZB) - Aligarh (ALJN),UP_MAIN,2026-09-28,01:30,04:30,210,Night Deep Window (Ideal),12560,Shiv Ganga Express (NDLS-BSB),Superfast Express,G-CONCOR-01,Container Freight Express (TKD-DDU),Freight (Container),3,0,60000,1,1,5
WIN-ETW-CNB-DN-1125,NDLS-DDU Golden Diagonal HDN-1,ETW-CNB,Etawah (ETW) - Kanpur Central (CNB),DN_MAIN,2026-09-29,00:15,03:45,225,Night Heavy Maintenance Slot (Ideal),12876,Neelachal Express (ANVT-PURI),Superfast Express,12004,Lucknow Swarna Shatabdi (NDLS-LKO),Shatabdi Express,0,0,0,1,1,4
WIN-MZP-DDU-DN-1126,NDLS-DDU Golden Diagonal HDN-1,MZP-DDU,Mirzapur (MZP) - Pt. DD Upadhyaya (DDU),DN_MAIN,2026-09-23,00:15,03:45,240,Night Heavy Maintenance Slot (Ideal),12310,Patna Rajdhani Express (NDLS-PNBE),Rajdhani Express,12302,Howrah Rajdhani Express (NDLS-HWH),Rajdhani Express,1,0,20000,1,1,2
WIN-MZP-DDU-UP-1127,NDLS-DDU Golden Diagonal HDN-1,MZP-DDU,Mirzapur (MZP) - Pt. DD Upadhyaya (DDU),UP_MAIN,2026-09-24,01:30,04:30,195,Night Deep Window (Ideal),12004,Lucknow Swarna Shatabdi (NDLS-LKO),Shatabdi Express,12302,Howrah Rajdhani Express (NDLS-HWH),Rajdhani Express,2,0,40000,1,1,3
WIN-ETW-CNB-DN-1128,NDLS-DDU Golden Diagonal HDN-1,ETW-CNB,Etawah (ETW) - Kanpur Central (CNB),DN_MAIN,2026-09-25,23:30,02:30,165,Late Night Corridor Transition Slot,12302,Howrah Rajdhani Express (NDLS-HWH),Rajdhani Express,14218,Unchahar Express (CDG-PRG),Mail/Express,2,0,40000,0,1,2
WIN-TDL-ETW-DN-1129,NDLS-DDU Golden Diagonal HDN-1,TDL-ETW,Tundla (TDL) - Etawah (ETW),DN_MAIN,2026-09-26,11:15,13:45,135,Afternoon Lean Passenger Gap,12876,Neelachal Express (ANVT-PURI),Superfast Express,12310,Patna Rajdhani Express (NDLS-PNBE),Rajdhani Express,1,1,80000,0,1,5
WIN-ALJN-TDL-DN-1130,NDLS-DDU Golden Diagonal HDN-1,ALJN-TDL,Aligarh (ALJN) - Tundla (TDL),DN_MAIN,2026-09-27,01:30,04:30,180,Night Deep Window (Ideal),12310,Patna Rajdhani Express (NDLS-PNBE),Rajdhani Express,12004,Lucknow Swarna Shatabdi (NDLS-LKO),Shatabdi Express,3,0,60000,1,1,5
WIN-TDL-ETW-DN-1131,NDLS-DDU Golden Diagonal HDN-1,TDL-ETW,Tundla (TDL) - Etawah (ETW),DN_MAIN,2026-09-28,13:00,15:30,165,Mid-Day Freight Shadow Gap,12004,Lucknow Swarna Shatabdi (NDLS-LKO),Shatabdi Express,04124,Kanpur-Prayagraj MEMU Special,Passenger/MEMU,2,0,40000,0,1,2
WIN-TDL-ETW-DN-1132,NDLS-DDU Golden Diagonal HDN-1,TDL-ETW,Tundla (TDL) - Etawah (ETW),DN_MAIN,2026-09-29,00:15,03:45,210,Night Heavy Maintenance Slot (Ideal),12876,Neelachal Express (ANVT-PURI),Superfast Express,G-CONCOR-01,Container Freight Express (TKD-DDU),Freight (Container),2,0,40000,1,1,5
WIN-MZP-DDU-DN-1133,NDLS-DDU Golden Diagonal HDN-1,MZP-DDU,Mirzapur (MZP) - Pt. DD Upadhyaya (DDU),DN_MAIN,2026-09-23,13:00,15:30,135,Mid-Day Freight Shadow Gap,22436,Vande Bharat Express (NDLS-BSB),Vande Bharat,G-BCN-Foodgrain-02,FCI Foodgrain Rake (PNBE-UMB),Freight (General),2,1,190000,0,1,4
WIN-CNB-FTP-DN-1134,NDLS-DDU Golden Diagonal HDN-1,CNB-FTP,Kanpur Central (CNB) - Fatehpur (FTP),DN_MAIN,2026-09-24,13:00,15:30,150,Mid-Day Freight Shadow Gap,12310,Patna Rajdhani Express (NDLS-PNBE),Rajdhani Express,12876,Neelachal Express (ANVT-PURI),Superfast Express,1,1,140000,0,1,5
WIN-PRYJ-MZP-UP-1135,NDLS-DDU Golden Diagonal HDN-1,PRYJ-MZP,Prayagraj Jn (PRYJ) - Mirzapur (MZP),UP_MAIN,2026-09-25,23:30,02:30,165,Late Night Corridor Transition Slot,12302,Howrah Rajdhani Express (NDLS-HWH),Rajdhani Express,12876,Neelachal Express (ANVT-PURI),Superfast Express,1,0,20000,0,1,3
WIN-CNB-FTP-DN-1136,NDLS-DDU Golden Diagonal HDN-1,CNB-FTP,Kanpur Central (CNB) - Fatehpur (FTP),DN_MAIN,2026-09-26,23:30,02:30,180,Late Night Corridor Transition Slot,12302,Howrah Rajdhani Express (NDLS-HWH),Rajdhani Express,G-BCN-Foodgrain-02,FCI Foodgrain Rake (PNBE-UMB),Freight (General),3,0,60000,1,1,5
WIN-ALJN-TDL-DN-1137,NDLS-DDU Golden Diagonal HDN-1,ALJN-TDL,Aligarh (ALJN) - Tundla (TDL),DN_MAIN,2026-09-27,00:15,03:45,210,Night Heavy Maintenance Slot (Ideal),12302,Howrah Rajdhani Express (NDLS-HWH),Rajdhani Express,04124,Kanpur-Prayagraj MEMU Special,Passenger/MEMU,3,0,60000,1,1,5
WIN-TDL-ETW-DN-1138,NDLS-DDU Golden Diagonal HDN-1,TDL-ETW,Tundla (TDL) - Etawah (ETW),DN_MAIN,2026-09-28,01:30,04:30,165,Night Deep Window (Ideal),22436,Vande Bharat Express (NDLS-BSB),Vande Bharat,14218,Unchahar Express (CDG-PRG),Mail/Express,0,0,0,0,1,5
WIN-PRYJ-MZP-DN-1139,NDLS-DDU Golden Diagonal HDN-1,PRYJ-MZP,Prayagraj Jn (PRYJ) - Mirzapur (MZP),DN_MAIN,2026-09-29,23:30,02:30,195,Late Night Corridor Transition Slot,12876,Neelachal Express (ANVT-PURI),Superfast Express,12004,Lucknow Swarna Shatabdi (NDLS-LKO),Shatabdi Express,0,0,0,1,1,2
WIN-CNB-FTP-UP-1140,NDLS-DDU Golden Diagonal HDN-1,CNB-FTP,Kanpur Central (CNB) - Fatehpur (FTP),UP_MAIN,2026-09-23,23:30,02:30,195,Late Night Corridor Transition Slot,12310,Patna Rajdhani Express (NDLS-PNBE),Rajdhani Express,12560,Shiv Ganga Express (NDLS-BSB),Superfast Express,3,0,60000,1,1,5
WIN-ALJN-TDL-UP-1141,NDLS-DDU Golden Diagonal HDN-1,ALJN-TDL,Aligarh (ALJN) - Tundla (TDL),UP_MAIN,2026-09-24,13:00,15:30,165,Mid-Day Freight Shadow Gap,12004,Lucknow Swarna Shatabdi (NDLS-LKO),Shatabdi Express,G-BCN-Foodgrain-02,FCI Foodgrain Rake (PNBE-UMB),Freight (General),1,1,130000,0,1,4
WIN-TDL-ETW-UP-1142,NDLS-DDU Golden Diagonal HDN-1,TDL-ETW,Tundla (TDL) - Etawah (ETW),UP_MAIN,2026-09-25,00:15,03:45,210,Night Heavy Maintenance Slot (Ideal),12302,Howrah Rajdhani Express (NDLS-HWH),Rajdhani Express,12310,Patna Rajdhani Express (NDLS-PNBE),Rajdhani Express,0,0,0,1,1,5
WIN-TDL-ETW-UP-1143,NDLS-DDU Golden Diagonal HDN-1,TDL-ETW,Tundla (TDL) - Etawah (ETW),UP_MAIN,2026-09-26,23:30,02:30,180,Late Night Corridor Transition Slot,22436,Vande Bharat Express (NDLS-BSB),Vande Bharat,G-BOXN-Coal-04,Heavy Coal Rake (DDU-Dadri NTPC),Freight (Heavy Mineral),1,0,20000,1,1,5
WIN-FTP-PRYJ-UP-1144,NDLS-DDU Golden Diagonal HDN-1,FTP-PRYJ,Fatehpur (FTP) - Prayagraj Jn (PRYJ),UP_MAIN,2026-09-27,01:30,04:30,210,Night Deep Window (Ideal),22436,Vande Bharat Express (NDLS-BSB),Vande Bharat,G-BOXN-Coal-04,Heavy Coal Rake (DDU-Dadri NTPC),Freight (Heavy Mineral),1,0,20000,1,1,5
WIN-GZB-ALJN-UP-1145,NDLS-DDU Golden Diagonal HDN-1,GZB-ALJN,Ghaziabad (GZB) - Aligarh (ALJN),UP_MAIN,2026-09-28,11:15,13:45,135,Afternoon Lean Passenger Gap,12418,Prayagraj Express (NDLS-PRYJ),Superfast Express,14218,Unchahar Express (CDG-PRG),Mail/Express,0,0,0,0,1,5
WIN-ETW-CNB-UP-1146,NDLS-DDU Golden Diagonal HDN-1,ETW-CNB,Etawah (ETW) - Kanpur Central (CNB),UP_MAIN,2026-09-29,02:00,05:30,195,Early Morning Twilight Window,12004,Lucknow Swarna Shatabdi (NDLS-LKO),Shatabdi Express,12302,Howrah Rajdhani Express (NDLS-HWH),Rajdhani Express,3,0,60000,1,1,2
WIN-FTP-PRYJ-UP-1147,NDLS-DDU Golden Diagonal HDN-1,FTP-PRYJ,Fatehpur (FTP) - Prayagraj Jn (PRYJ),UP_MAIN,2026-09-23,23:30,02:30,165,Late Night Corridor Transition Slot,12302,Howrah Rajdhani Express (NDLS-HWH),Rajdhani Express,12004,Lucknow Swarna Shatabdi (NDLS-LKO),Shatabdi Express,1,0,20000,0,1,3
WIN-GZB-ALJN-DN-1148,NDLS-DDU Golden Diagonal HDN-1,GZB-ALJN,Ghaziabad (GZB) - Aligarh (ALJN),DN_MAIN,2026-09-24,13:00,15:30,150,Mid-Day Freight Shadow Gap,12302,Howrah Rajdhani Express (NDLS-HWH),Rajdhani Express,12560,Shiv Ganga Express (NDLS-BSB),Superfast Express,1,0,20000,0,1,5
WIN-PRYJ-MZP-UP-1149,NDLS-DDU Golden Diagonal HDN-1,PRYJ-MZP,Prayagraj Jn (PRYJ) - Mirzapur (MZP),UP_MAIN,2026-09-25,01:30,04:30,180,Night Deep Window (Ideal),12004,Lucknow Swarna Shatabdi (NDLS-LKO),Shatabdi Express,12302,Howrah Rajdhani Express (NDLS-HWH),Rajdhani Express,2,0,40000,1,1,3
WIN-GZB-ALJN-DN-1150,NDLS-DDU Golden Diagonal HDN-1,GZB-ALJN,Ghaziabad (GZB) - Aligarh (ALJN),DN_MAIN,2026-09-26,23:30,02:30,195,Late Night Corridor Transition Slot,12560,Shiv Ganga Express (NDLS-BSB),Superfast Express,22436,Vande Bharat Express (NDLS-BSB),Vande Bharat,1,0,20000,1,1,5
WIN-ETW-CNB-UP-1151,NDLS-DDU Golden Diagonal HDN-1,ETW-CNB,Etawah (ETW) - Kanpur Central (CNB),UP_MAIN,2026-09-27,23:30,02:30,210,Late Night Corridor Transition Slot,12418,Prayagraj Express (NDLS-PRYJ),Superfast Express,G-BOXN-Coal-04,Heavy Coal Rake (DDU-Dadri NTPC),Freight (Heavy Mineral),2,0,40000,1,1,2
WIN-ALJN-TDL-UP-1152,NDLS-DDU Golden Diagonal HDN-1,ALJN-TDL,Aligarh (ALJN) - Tundla (TDL),UP_MAIN,2026-09-28,11:15,13:45,165,Afternoon Lean Passenger Gap,12418,Prayagraj Express (NDLS-PRYJ),Superfast Express,G-CONCOR-01,Container Freight Express (TKD-DDU),Freight (Container),0,0,0,0,1,4
WIN-ALJN-TDL-DN-1153,NDLS-DDU Golden Diagonal HDN-1,ALJN-TDL,Aligarh (ALJN) - Tundla (TDL),DN_MAIN,2026-09-29,23:30,02:30,180,Late Night Corridor Transition Slot,12876,Neelachal Express (ANVT-PURI),Superfast Express,G-BOXN-Coal-04,Heavy Coal Rake (DDU-Dadri NTPC),Freight (Heavy Mineral),2,0,40000,1,1,3
WIN-FTP-PRYJ-DN-1154,NDLS-DDU Golden Diagonal HDN-1,FTP-PRYJ,Fatehpur (FTP) - Prayagraj Jn (PRYJ),DN_MAIN,2026-09-23,00:15,03:45,240,Night Heavy Maintenance Slot (Ideal),12560,Shiv Ganga Express (NDLS-BSB),Superfast Express,22436,Vande Bharat Express (NDLS-BSB),Vande Bharat,3,0,60000,1,1,5
WIN-ETW-CNB-UP-1155,NDLS-DDU Golden Diagonal HDN-1,ETW-CNB,Etawah (ETW) - Kanpur Central (CNB),UP_MAIN,2026-09-24,01:30,04:30,165,Night Deep Window (Ideal),22436,Vande Bharat Express (NDLS-BSB),Vande Bharat,G-CONCOR-01,Container Freight Express (TKD-DDU),Freight (Container),2,0,40000,0,1,3
WIN-PRYJ-MZP-UP-1156,NDLS-DDU Golden Diagonal HDN-1,PRYJ-MZP,Prayagraj Jn (PRYJ) - Mirzapur (MZP),UP_MAIN,2026-09-25,13:00,15:30,150,Mid-Day Freight Shadow Gap,12302,Howrah Rajdhani Express (NDLS-HWH),Rajdhani Express,22436,Vande Bharat Express (NDLS-BSB),Vande Bharat,2,1,170000,0,1,4
WIN-ETW-CNB-UP-1157,NDLS-DDU Golden Diagonal HDN-1,ETW-CNB,Etawah (ETW) - Kanpur Central (CNB),UP_MAIN,2026-09-26,11:15,13:45,135,Afternoon Lean Passenger Gap,12004,Lucknow Swarna Shatabdi (NDLS-LKO),Shatabdi Express,G-BOXN-Coal-04,Heavy Coal Rake (DDU-Dadri NTPC),Freight (Heavy Mineral),1,1,130000,0,1,4
WIN-TDL-ETW-DN-1158,NDLS-DDU Golden Diagonal HDN-1,TDL-ETW,Tundla (TDL) - Etawah (ETW),DN_MAIN,2026-09-27,02:00,05:30,225,Early Morning Twilight Window,22436,Vande Bharat Express (NDLS-BSB),Vande Bharat,04124,Kanpur-Prayagraj MEMU Special,Passenger/MEMU,2,0,40000,1,1,3
WIN-FTP-PRYJ-DN-1159,NDLS-DDU Golden Diagonal HDN-1,FTP-PRYJ,Fatehpur (FTP) - Prayagraj Jn (PRYJ),DN_MAIN,2026-09-28,01:30,04:30,165,Night Deep Window (Ideal),12004,Lucknow Swarna Shatabdi (NDLS-LKO),Shatabdi Express,04124,Kanpur-Prayagraj MEMU Special,Passenger/MEMU,1,0,20000,0,1,3
WIN-PRYJ-MZP-DN-1160,NDLS-DDU Golden Diagonal HDN-1,PRYJ-MZP,Prayagraj Jn (PRYJ) - Mirzapur (MZP),DN_MAIN,2026-09-29,01:30,04:30,165,Night Deep Window (Ideal),14218,Unchahar Express (CDG-PRG),Mail/Express,G-BOXN-Coal-04,Heavy Coal Rake (DDU-Dadri NTPC),Freight (Heavy Mineral),0,0,0,0,1,5
WIN-ALJN-TDL-UP-1161,NDLS-DDU Golden Diagonal HDN-1,ALJN-TDL,Aligarh (ALJN) - Tundla (TDL),UP_MAIN,2026-09-23,00:15,03:45,210,Night Heavy Maintenance Slot (Ideal),12310,Patna Rajdhani Express (NDLS-PNBE),Rajdhani Express,12004,Lucknow Swarna Shatabdi (NDLS-LKO),Shatabdi Express,0,0,0,1,1,3
WIN-ETW-CNB-UP-1162,NDLS-DDU Golden Diagonal HDN-1,ETW-CNB,Etawah (ETW) - Kanpur Central (CNB),UP_MAIN,2026-09-24,13:00,15:30,165,Mid-Day Freight Shadow Gap,12302,Howrah Rajdhani Express (NDLS-HWH),Rajdhani Express,12876,Neelachal Express (ANVT-PURI),Superfast Express,2,0,40000,0,1,3
WIN-ETW-CNB-DN-1163,NDLS-DDU Golden Diagonal HDN-1,ETW-CNB,Etawah (ETW) - Kanpur Central (CNB),DN_MAIN,2026-09-25,01:30,04:30,180,Night Deep Window (Ideal),12004,Lucknow Swarna Shatabdi (NDLS-LKO),Shatabdi Express,12418,Prayagraj Express (NDLS-PRYJ),Superfast Express,3,0,60000,1,1,3
WIN-CNB-FTP-DN-1164,NDLS-DDU Golden Diagonal HDN-1,CNB-FTP,Kanpur Central (CNB) - Fatehpur (FTP),DN_MAIN,2026-09-26,00:15,03:45,225,Night Heavy Maintenance Slot (Ideal),12560,Shiv Ganga Express (NDLS-BSB),Superfast Express,12876,Neelachal Express (ANVT-PURI),Superfast Express,1,0,20000,1,1,5
WIN-MZP-DDU-DN-1165,NDLS-DDU Golden Diagonal HDN-1,MZP-DDU,Mirzapur (MZP) - Pt. DD Upadhyaya (DDU),DN_MAIN,2026-09-27,13:00,15:30,165,Mid-Day Freight Shadow Gap,12876,Neelachal Express (ANVT-PURI),Superfast Express,12310,Patna Rajdhani Express (NDLS-PNBE),Rajdhani Express,0,1,60000,0,1,5
WIN-ALJN-TDL-DN-1166,NDLS-DDU Golden Diagonal HDN-1,ALJN-TDL,Aligarh (ALJN) - Tundla (TDL),DN_MAIN,2026-09-28,13:00,15:30,150,Mid-Day Freight Shadow Gap,12310,Patna Rajdhani Express (NDLS-PNBE),Rajdhani Express,04124,Kanpur-Prayagraj MEMU Special,Passenger/MEMU,2,1,160000,0,1,5
WIN-CNB-FTP-DN-1167,NDLS-DDU Golden Diagonal HDN-1,CNB-FTP,Kanpur Central (CNB) - Fatehpur (FTP),DN_MAIN,2026-09-29,02:00,05:30,240,Early Morning Twilight Window,12876,Neelachal Express (ANVT-PURI),Superfast Express,04124,Kanpur-Prayagraj MEMU Special,Passenger/MEMU,3,0,60000,1,1,4
WIN-TDL-ETW-DN-1168,NDLS-DDU Golden Diagonal HDN-1,TDL-ETW,Tundla (TDL) - Etawah (ETW),DN_MAIN,2026-09-23,01:30,04:30,165,Night Deep Window (Ideal),12310,Patna Rajdhani Express (NDLS-PNBE),Rajdhani Express,12004,Lucknow Swarna Shatabdi (NDLS-LKO),Shatabdi Express,0,0,0,0,1,4
WIN-MZP-DDU-DN-1169,NDLS-DDU Golden Diagonal HDN-1,MZP-DDU,Mirzapur (MZP) - Pt. DD Upadhyaya (DDU),DN_MAIN,2026-09-24,11:15,13:45,150,Afternoon Lean Passenger Gap,12876,Neelachal Express (ANVT-PURI),Superfast Express,G-BCN-Foodgrain-02,FCI Foodgrain Rake (PNBE-UMB),Freight (General),3,1,120000,0,1,4
WIN-ALJN-TDL-DN-1170,NDLS-DDU Golden Diagonal HDN-1,ALJN-TDL,Aligarh (ALJN) - Tundla (TDL),DN_MAIN,2026-09-25,00:15,03:45,240,Night Heavy Maintenance Slot (Ideal),12302,Howrah Rajdhani Express (NDLS-HWH),Rajdhani Express,12876,Neelachal Express (ANVT-PURI),Superfast Express,1,0,20000,1,1,3
WIN-PRYJ-MZP-DN-1171,NDLS-DDU Golden Diagonal HDN-1,PRYJ-MZP,Prayagraj Jn (PRYJ) - Mirzapur (MZP),DN_MAIN,2026-09-26,23:30,02:30,195,Late Night Corridor Transition Slot,12560,Shiv Ganga Express (NDLS-BSB),Superfast Express,04124,Kanpur-Prayagraj MEMU Special,Passenger/MEMU,2,0,40000,1,1,2
WIN-PRYJ-MZP-DN-1172,NDLS-DDU Golden Diagonal HDN-1,PRYJ-MZP,Prayagraj Jn (PRYJ) - Mirzapur (MZP),DN_MAIN,2026-09-27,23:30,02:30,165,Late Night Corridor Transition Slot,12004,Lucknow Swarna Shatabdi (NDLS-LKO),Shatabdi Express,14218,Unchahar Express (CDG-PRG),Mail/Express,2,0,40000,0,1,2
WIN-TDL-ETW-DN-1173,NDLS-DDU Golden Diagonal HDN-1,TDL-ETW,Tundla (TDL) - Etawah (ETW),DN_MAIN,2026-09-28,13:00,15:30,150,Mid-Day Freight Shadow Gap,14218,Unchahar Express (CDG-PRG),Mail/Express,G-BOXN-Coal-04,Heavy Coal Rake (DDU-Dadri NTPC),Freight (Heavy Mineral),2,0,40000,0,1,3
WIN-GZB-ALJN-UP-1174,NDLS-DDU Golden Diagonal HDN-1,GZB-ALJN,Ghaziabad (GZB) - Aligarh (ALJN),UP_MAIN,2026-09-29,00:15,03:45,240,Night Heavy Maintenance Slot (Ideal),12876,Neelachal Express (ANVT-PURI),Superfast Express,G-BCN-Foodgrain-02,FCI Foodgrain Rake (PNBE-UMB),Freight (General),0,0,0,1,1,3
WIN-PRYJ-MZP-UP-1175,NDLS-DDU Golden Diagonal HDN-1,PRYJ-MZP,Prayagraj Jn (PRYJ) - Mirzapur (MZP),UP_MAIN,2026-09-23,11:15,13:45,150,Afternoon Lean Passenger Gap,12418,Prayagraj Express (NDLS-PRYJ),Superfast Express,G-BCN-Foodgrain-02,FCI Foodgrain Rake (PNBE-UMB),Freight (General),3,1,130000,0,1,5
WIN-ALJN-TDL-UP-1176,NDLS-DDU Golden Diagonal HDN-1,ALJN-TDL,Aligarh (ALJN) - Tundla (TDL),UP_MAIN,2026-09-24,23:30,02:30,180,Late Night Corridor Transition Slot,12560,Shiv Ganga Express (NDLS-BSB),Superfast Express,12310,Patna Rajdhani Express (NDLS-PNBE),Rajdhani Express,1,0,20000,1,1,5
WIN-CNB-FTP-UP-1177,NDLS-DDU Golden Diagonal HDN-1,CNB-FTP,Kanpur Central (CNB) - Fatehpur (FTP),UP_MAIN,2026-09-25,01:30,04:30,165,Night Deep Window (Ideal),14218,Unchahar Express (CDG-PRG),Mail/Express,22436,Vande Bharat Express (NDLS-BSB),Vande Bharat,0,0,0,0,1,5
WIN-PRYJ-MZP-DN-1178,NDLS-DDU Golden Diagonal HDN-1,PRYJ-MZP,Prayagraj Jn (PRYJ) - Mirzapur (MZP),DN_MAIN,2026-09-26,23:30,02:30,180,Late Night Corridor Transition Slot,12876,Neelachal Express (ANVT-PURI),Superfast Express,12310,Patna Rajdhani Express (NDLS-PNBE),Rajdhani Express,2,0,40000,1,1,3
WIN-TDL-ETW-UP-1179,NDLS-DDU Golden Diagonal HDN-1,TDL-ETW,Tundla (TDL) - Etawah (ETW),UP_MAIN,2026-09-27,11:15,13:45,135,Afternoon Lean Passenger Gap,12310,Patna Rajdhani Express (NDLS-PNBE),Rajdhani Express,04124,Kanpur-Prayagraj MEMU Special,Passenger/MEMU,3,0,60000,0,1,3
WIN-ETW-CNB-UP-1180,NDLS-DDU Golden Diagonal HDN-1,ETW-CNB,Etawah (ETW) - Kanpur Central (CNB),UP_MAIN,2026-09-28,23:30,02:30,180,Late Night Corridor Transition Slot,12310,Patna Rajdhani Express (NDLS-PNBE),Rajdhani Express,12004,Lucknow Swarna Shatabdi (NDLS-LKO),Shatabdi Express,3,0,60000,1,1,5
WIN-ALJN-TDL-UP-1181,NDLS-DDU Golden Diagonal HDN-1,ALJN-TDL,Aligarh (ALJN) - Tundla (TDL),UP_MAIN,2026-09-29,00:15,03:45,225,Night Heavy Maintenance Slot (Ideal),12418,Prayagraj Express (NDLS-PRYJ),Superfast Express,12302,Howrah Rajdhani Express (NDLS-HWH),Rajdhani Express,0,0,0,1,1,4
WIN-ALJN-TDL-DN-1182,NDLS-DDU Golden Diagonal HDN-1,ALJN-TDL,Aligarh (ALJN) - Tundla (TDL),DN_MAIN,2026-09-23,00:15,03:45,225,Night Heavy Maintenance Slot (Ideal),12004,Lucknow Swarna Shatabdi (NDLS-LKO),Shatabdi Express,14218,Unchahar Express (CDG-PRG),Mail/Express,0,0,0,1,1,2
WIN-GZB-ALJN-DN-1183,NDLS-DDU Golden Diagonal HDN-1,GZB-ALJN,Ghaziabad (GZB) - Aligarh (ALJN),DN_MAIN,2026-09-24,00:15,03:45,210,Night Heavy Maintenance Slot (Ideal),22436,Vande Bharat Express (NDLS-BSB),Vande Bharat,12302,Howrah Rajdhani Express (NDLS-HWH),Rajdhani Express,0,0,0,1,1,5
WIN-CNB-FTP-DN-1184,NDLS-DDU Golden Diagonal HDN-1,CNB-FTP,Kanpur Central (CNB) - Fatehpur (FTP),DN_MAIN,2026-09-25,11:15,13:45,165,Afternoon Lean Passenger Gap,12560,Shiv Ganga Express (NDLS-BSB),Superfast Express,G-CONCOR-01,Container Freight Express (TKD-DDU),Freight (Container),2,1,110000,0,1,4
WIN-FTP-PRYJ-UP-1185,NDLS-DDU Golden Diagonal HDN-1,FTP-PRYJ,Fatehpur (FTP) - Prayagraj Jn (PRYJ),UP_MAIN,2026-09-26,02:00,05:30,195,Early Morning Twilight Window,12876,Neelachal Express (ANVT-PURI),Superfast Express,G-CONCOR-01,Container Freight Express (TKD-DDU),Freight (Container),2,1,100000,0,1,2
WIN-GZB-ALJN-DN-1186,NDLS-DDU Golden Diagonal HDN-1,GZB-ALJN,Ghaziabad (GZB) - Aligarh (ALJN),DN_MAIN,2026-09-27,23:30,02:30,180,Late Night Corridor Transition Slot,12876,Neelachal Express (ANVT-PURI),Superfast Express,G-BCN-Foodgrain-02,FCI Foodgrain Rake (PNBE-UMB),Freight (General),0,0,0,1,1,2
WIN-CNB-FTP-UP-1187,NDLS-DDU Golden Diagonal HDN-1,CNB-FTP,Kanpur Central (CNB) - Fatehpur (FTP),UP_MAIN,2026-09-28,02:00,05:30,225,Early Morning Twilight Window,14218,Unchahar Express (CDG-PRG),Mail/Express,G-CONCOR-01,Container Freight Express (TKD-DDU),Freight (Container),3,0,60000,1,1,2
WIN-FTP-PRYJ-UP-1188,NDLS-DDU Golden Diagonal HDN-1,FTP-PRYJ,Fatehpur (FTP) - Prayagraj Jn (PRYJ),UP_MAIN,2026-09-29,23:30,02:30,180,Late Night Corridor Transition Slot,12560,Shiv Ganga Express (NDLS-BSB),Superfast Express,22436,Vande Bharat Express (NDLS-BSB),Vande Bharat,3,0,60000,1,1,3
WIN-MZP-DDU-DN-1189,NDLS-DDU Golden Diagonal HDN-1,MZP-DDU,Mirzapur (MZP) - Pt. DD Upadhyaya (DDU),DN_MAIN,2026-09-23,23:30,02:30,195,Late Night Corridor Transition Slot,12302,Howrah Rajdhani Express (NDLS-HWH),Rajdhani Express,12560,Shiv Ganga Express (NDLS-BSB),Superfast Express,3,0,60000,1,1,2
WIN-PRYJ-MZP-DN-1190,NDLS-DDU Golden Diagonal HDN-1,PRYJ-MZP,Prayagraj Jn (PRYJ) - Mirzapur (MZP),DN_MAIN,2026-09-24,13:00,15:30,150,Mid-Day Freight Shadow Gap,12004,Lucknow Swarna Shatabdi (NDLS-LKO),Shatabdi Express,G-BCN-Foodgrain-02,FCI Foodgrain Rake (PNBE-UMB),Freight (General),0,0,0,0,1,5
WIN-ALJN-TDL-DN-1191,NDLS-DDU Golden Diagonal HDN-1,ALJN-TDL,Aligarh (ALJN) - Tundla (TDL),DN_MAIN,2026-09-25,23:30,02:30,195,Late Night Corridor Transition Slot,14218,Unchahar Express (CDG-PRG),Mail/Express,12310,Patna Rajdhani Express (NDLS-PNBE),Rajdhani Express,0,0,0,1,1,5
WIN-ETW-CNB-UP-1192,NDLS-DDU Golden Diagonal HDN-1,ETW-CNB,Etawah (ETW) - Kanpur Central (CNB),UP_MAIN,2026-09-26,01:30,04:30,165,Night Deep Window (Ideal),12310,Patna Rajdhani Express (NDLS-PNBE),Rajdhani Express,G-BOXN-Coal-04,Heavy Coal Rake (DDU-Dadri NTPC),Freight (Heavy Mineral),0,0,0,0,1,5
WIN-GZB-ALJN-UP-1193,NDLS-DDU Golden Diagonal HDN-1,GZB-ALJN,Ghaziabad (GZB) - Aligarh (ALJN),UP_MAIN,2026-09-27,02:00,05:30,210,Early Morning Twilight Window,12876,Neelachal Express (ANVT-PURI),Superfast Express,12418,Prayagraj Express (NDLS-PRYJ),Superfast Express,2,1,100000,0,1,2
WIN-TDL-ETW-DN-1194,NDLS-DDU Golden Diagonal HDN-1,TDL-ETW,Tundla (TDL) - Etawah (ETW),DN_MAIN,2026-09-28,00:15,03:45,240,Night Heavy Maintenance Slot (Ideal),12560,Shiv Ganga Express (NDLS-BSB),Superfast Express,12004,Lucknow Swarna Shatabdi (NDLS-LKO),Shatabdi Express,0,0,0,1,1,4
WIN-PRYJ-MZP-DN-1195,NDLS-DDU Golden Diagonal HDN-1,PRYJ-MZP,Prayagraj Jn (PRYJ) - Mirzapur (MZP),DN_MAIN,2026-09-29,23:30,02:30,180,Late Night Corridor Transition Slot,12876,Neelachal Express (ANVT-PURI),Superfast Express,12004,Lucknow Swarna Shatabdi (NDLS-LKO),Shatabdi Express,2,0,40000,1,1,2
WIN-CNB-FTP-UP-1196,NDLS-DDU Golden Diagonal HDN-1,CNB-FTP,Kanpur Central (CNB) - Fatehpur (FTP),UP_MAIN,2026-09-23,00:15,03:45,240,Night Heavy Maintenance Slot (Ideal),12302,Howrah Rajdhani Express (NDLS-HWH),Rajdhani Express,12560,Shiv Ganga Express (NDLS-BSB),Superfast Express,1,0,20000,1,1,2
WIN-FTP-PRYJ-UP-1197,NDLS-DDU Golden Diagonal HDN-1,FTP-PRYJ,Fatehpur (FTP) - Prayagraj Jn (PRYJ),UP_MAIN,2026-09-24,02:00,05:30,195,Early Morning Twilight Window,12876,Neelachal Express (ANVT-PURI),Superfast Express,G-CONCOR-01,Container Freight Express (TKD-DDU),Freight (Container),2,0,40000,1,1,3
WIN-PRYJ-MZP-DN-1198,NDLS-DDU Golden Diagonal HDN-1,PRYJ-MZP,Prayagraj Jn (PRYJ) - Mirzapur (MZP),DN_MAIN,2026-09-25,02:00,05:30,210,Early Morning Twilight Window,12560,Shiv Ganga Express (NDLS-BSB),Superfast Express,G-BOXN-Coal-04,Heavy Coal Rake (DDU-Dadri NTPC),Freight (Heavy Mineral),1,0,20000,1,1,5
WIN-GZB-ALJN-DN-1199,NDLS-DDU Golden Diagonal HDN-1,GZB-ALJN,Ghaziabad (GZB) - Aligarh (ALJN),DN_MAIN,2026-09-26,02:00,05:30,210,Early Morning Twilight Window,12310,Patna Rajdhani Express (NDLS-PNBE),Rajdhani Express,12418,Prayagraj Express (NDLS-PRYJ),Superfast Express,3,1,180000,0,1,3
WIN-CNB-FTP-UP-1200,NDLS-DDU Golden Diagonal HDN-1,CNB-FTP,Kanpur Central (CNB) - Fatehpur (FTP),UP_MAIN,2026-09-27,23:30,02:30,180,Late Night Corridor Transition Slot,22436,Vande Bharat Express (NDLS-BSB),Vande Bharat,G-CONCOR-01,Container Freight Express (TKD-DDU),Freight (Container),2,0,40000,1,1,2
WIN-CNB-FTP-DN-1201,NDLS-DDU Golden Diagonal HDN-1,CNB-FTP,Kanpur Central (CNB) - Fatehpur (FTP),DN_MAIN,2026-09-28,23:30,02:30,180,Late Night Corridor Transition Slot,12004,Lucknow Swarna Shatabdi (NDLS-LKO),Shatabdi Express,14218,Unchahar Express (CDG-PRG),Mail/Express,3,0,60000,1,1,2
WIN-FTP-PRYJ-UP-1202,NDLS-DDU Golden Diagonal HDN-1,FTP-PRYJ,Fatehpur (FTP) - Prayagraj Jn (PRYJ),UP_MAIN,2026-09-29,23:30,02:30,180,Late Night Corridor Transition Slot,12004,Lucknow Swarna Shatabdi (NDLS-LKO),Shatabdi Express,G-BCN-Foodgrain-02,FCI Foodgrain Rake (PNBE-UMB),Freight (General),0,0,0,1,1,3
WIN-MZP-DDU-DN-1203,NDLS-DDU Golden Diagonal HDN-1,MZP-DDU,Mirzapur (MZP) - Pt. DD Upadhyaya (DDU),DN_MAIN,2026-09-23,02:00,05:30,240,Early Morning Twilight Window,12310,Patna Rajdhani Express (NDLS-PNBE),Rajdhani Express,22436,Vande Bharat Express (NDLS-BSB),Vande Bharat,3,1,180000,0,1,5
WIN-MZP-DDU-DN-1204,NDLS-DDU Golden Diagonal HDN-1,MZP-DDU,Mirzapur (MZP) - Pt. DD Upadhyaya (DDU),DN_MAIN,2026-09-24,11:15,13:45,180,Afternoon Lean Passenger Gap,12876,Neelachal Express (ANVT-PURI),Superfast Express,12302,Howrah Rajdhani Express (NDLS-HWH),Rajdhani Express,2,1,100000,0,1,3
WIN-PRYJ-MZP-UP-1205,NDLS-DDU Golden Diagonal HDN-1,PRYJ-MZP,Prayagraj Jn (PRYJ) - Mirzapur (MZP),UP_MAIN,2026-09-25,01:30,04:30,165,Night Deep Window (Ideal),12560,Shiv Ganga Express (NDLS-BSB),Superfast Express,G-CONCOR-01,Container Freight Express (TKD-DDU),Freight (Container),2,0,40000,0,1,5
WIN-TDL-ETW-UP-1206,NDLS-DDU Golden Diagonal HDN-1,TDL-ETW,Tundla (TDL) - Etawah (ETW),UP_MAIN,2026-09-26,11:15,13:45,150,Afternoon Lean Passenger Gap,14218,Unchahar Express (CDG-PRG),Mail/Express,12418,Prayagraj Express (NDLS-PRYJ),Superfast Express,1,0,20000,0,1,3
WIN-GZB-ALJN-DN-1207,NDLS-DDU Golden Diagonal HDN-1,GZB-ALJN,Ghaziabad (GZB) - Aligarh (ALJN),DN_MAIN,2026-09-27,23:30,02:30,180,Late Night Corridor Transition Slot,12302,Howrah Rajdhani Express (NDLS-HWH),Rajdhani Express,G-BOXN-Coal-04,Heavy Coal Rake (DDU-Dadri NTPC),Freight (Heavy Mineral),3,0,60000,1,1,5
WIN-TDL-ETW-UP-1208,NDLS-DDU Golden Diagonal HDN-1,TDL-ETW,Tundla (TDL) - Etawah (ETW),UP_MAIN,2026-09-28,00:15,03:45,210,Night Heavy Maintenance Slot (Ideal),12560,Shiv Ganga Express (NDLS-BSB),Superfast Express,14218,Unchahar Express (CDG-PRG),Mail/Express,0,0,0,1,1,2
WIN-FTP-PRYJ-DN-1209,NDLS-DDU Golden Diagonal HDN-1,FTP-PRYJ,Fatehpur (FTP) - Prayagraj Jn (PRYJ),DN_MAIN,2026-09-29,01:30,04:30,165,Night Deep Window (Ideal),12876,Neelachal Express (ANVT-PURI),Superfast Express,12004,Lucknow Swarna Shatabdi (NDLS-LKO),Shatabdi Express,0,0,0,0,1,3
WIN-PRYJ-MZP-DN-1210,NDLS-DDU Golden Diagonal HDN-1,PRYJ-MZP,Prayagraj Jn (PRYJ) - Mirzapur (MZP),DN_MAIN,2026-09-23,02:00,05:30,225,Early Morning Twilight Window,12310,Patna Rajdhani Express (NDLS-PNBE),Rajdhani Express,G-BOXN-Coal-04,Heavy Coal Rake (DDU-Dadri NTPC),Freight (Heavy Mineral),0,1,120000,0,1,5
WIN-CNB-FTP-DN-1211,NDLS-DDU Golden Diagonal HDN-1,CNB-FTP,Kanpur Central (CNB) - Fatehpur (FTP),DN_MAIN,2026-09-24,02:00,05:30,195,Early Morning Twilight Window,22436,Vande Bharat Express (NDLS-BSB),Vande Bharat,12302,Howrah Rajdhani Express (NDLS-HWH),Rajdhani Express,0,0,0,1,1,5
WIN-ETW-CNB-UP-1212,NDLS-DDU Golden Diagonal HDN-1,ETW-CNB,Etawah (ETW) - Kanpur Central (CNB),UP_MAIN,2026-09-25,13:00,15:30,135,Mid-Day Freight Shadow Gap,14218,Unchahar Express (CDG-PRG),Mail/Express,12418,Prayagraj Express (NDLS-PRYJ),Superfast Express,1,1,60000,0,1,5
WIN-PRYJ-MZP-DN-1213,NDLS-DDU Golden Diagonal HDN-1,PRYJ-MZP,Prayagraj Jn (PRYJ) - Mirzapur (MZP),DN_MAIN,2026-09-26,13:00,15:30,150,Mid-Day Freight Shadow Gap,12310,Patna Rajdhani Express (NDLS-PNBE),Rajdhani Express,12302,Howrah Rajdhani Express (NDLS-HWH),Rajdhani Express,0,0,0,0,1,5
WIN-GZB-ALJN-DN-1214,NDLS-DDU Golden Diagonal HDN-1,GZB-ALJN,Ghaziabad (GZB) - Aligarh (ALJN),DN_MAIN,2026-09-27,13:00,15:30,180,Mid-Day Freight Shadow Gap,14218,Unchahar Express (CDG-PRG),Mail/Express,12302,Howrah Rajdhani Express (NDLS-HWH),Rajdhani Express,0,0,0,1,1,2
WIN-TDL-ETW-UP-1215,NDLS-DDU Golden Diagonal HDN-1,TDL-ETW,Tundla (TDL) - Etawah (ETW),UP_MAIN,2026-09-28,00:15,03:45,195,Night Heavy Maintenance Slot (Ideal),14218,Unchahar Express (CDG-PRG),Mail/Express,12560,Shiv Ganga Express (NDLS-BSB),Superfast Express,0,0,0,1,1,3
WIN-ETW-CNB-UP-1216,NDLS-DDU Golden Diagonal HDN-1,ETW-CNB,Etawah (ETW) - Kanpur Central (CNB),UP_MAIN,2026-09-29,00:15,03:45,195,Night Heavy Maintenance Slot (Ideal),12418,Prayagraj Express (NDLS-PRYJ),Superfast Express,22436,Vande Bharat Express (NDLS-BSB),Vande Bharat,0,0,0,1,1,4
WIN-FTP-PRYJ-UP-1217,NDLS-DDU Golden Diagonal HDN-1,FTP-PRYJ,Fatehpur (FTP) - Prayagraj Jn (PRYJ),UP_MAIN,2026-09-23,11:15,13:45,150,Afternoon Lean Passenger Gap,22436,Vande Bharat Express (NDLS-BSB),Vande Bharat,12004,Lucknow Swarna Shatabdi (NDLS-LKO),Shatabdi Express,0,1,150000,0,1,5
WIN-TDL-ETW-DN-1218,NDLS-DDU Golden Diagonal HDN-1,TDL-ETW,Tundla (TDL) - Etawah (ETW),DN_MAIN,2026-09-24,23:30,02:30,180,Late Night Corridor Transition Slot,12560,Shiv Ganga Express (NDLS-BSB),Superfast Express,04124,Kanpur-Prayagraj MEMU Special,Passenger/MEMU,1,0,20000,1,1,2
WIN-GZB-ALJN-UP-1219,NDLS-DDU Golden Diagonal HDN-1,GZB-ALJN,Ghaziabad (GZB) - Aligarh (ALJN),UP_MAIN,2026-09-25,00:15,03:45,210,Night Heavy Maintenance Slot (Ideal),12004,Lucknow Swarna Shatabdi (NDLS-LKO),Shatabdi Express,12310,Patna Rajdhani Express (NDLS-PNBE),Rajdhani Express,1,0,20000,1,1,3
WIN-ETW-CNB-DN-1220,NDLS-DDU Golden Diagonal HDN-1,ETW-CNB,Etawah (ETW) - Kanpur Central (CNB),DN_MAIN,2026-09-26,02:00,05:30,240,Early Morning Twilight Window,12310,Patna Rajdhani Express (NDLS-PNBE),Rajdhani Express,G-BCN-Foodgrain-02,FCI Foodgrain Rake (PNBE-UMB),Freight (General),3,0,60000,1,1,4
WIN-CNB-FTP-DN-1221,NDLS-DDU Golden Diagonal HDN-1,CNB-FTP,Kanpur Central (CNB) - Fatehpur (FTP),DN_MAIN,2026-09-27,23:30,02:30,195,Late Night Corridor Transition Slot,12310,Patna Rajdhani Express (NDLS-PNBE),Rajdhani Express,12876,Neelachal Express (ANVT-PURI),Superfast Express,0,0,0,1,1,4
WIN-PRYJ-MZP-UP-1222,NDLS-DDU Golden Diagonal HDN-1,PRYJ-MZP,Prayagraj Jn (PRYJ) - Mirzapur (MZP),UP_MAIN,2026-09-28,13:00,15:30,150,Mid-Day Freight Shadow Gap,12004,Lucknow Swarna Shatabdi (NDLS-LKO),Shatabdi Express,12302,Howrah Rajdhani Express (NDLS-HWH),Rajdhani Express,1,1,130000,0,1,3
WIN-PRYJ-MZP-UP-1223,NDLS-DDU Golden Diagonal HDN-1,PRYJ-MZP,Prayagraj Jn (PRYJ) - Mirzapur (MZP),UP_MAIN,2026-09-29,02:00,05:30,240,Early Morning Twilight Window,12876,Neelachal Express (ANVT-PURI),Superfast Express,22436,Vande Bharat Express (NDLS-BSB),Vande Bharat,1,0,20000,1,1,4
WIN-ALJN-TDL-UP-1224,NDLS-DDU Golden Diagonal HDN-1,ALJN-TDL,Aligarh (ALJN) - Tundla (TDL),UP_MAIN,2026-09-23,23:30,02:30,180,Late Night Corridor Transition Slot,12876,Neelachal Express (ANVT-PURI),Superfast Express,12302,Howrah Rajdhani Express (NDLS-HWH),Rajdhani Express,0,0,0,1,1,4
WIN-FTP-PRYJ-DN-1225,NDLS-DDU Golden Diagonal HDN-1,FTP-PRYJ,Fatehpur (FTP) - Prayagraj Jn (PRYJ),DN_MAIN,2026-09-24,01:30,04:30,165,Night Deep Window (Ideal),12004,Lucknow Swarna Shatabdi (NDLS-LKO),Shatabdi Express,12418,Prayagraj Express (NDLS-PRYJ),Superfast Express,0,0,0,0,1,5
WIN-ETW-CNB-DN-1226,NDLS-DDU Golden Diagonal HDN-1,ETW-CNB,Etawah (ETW) - Kanpur Central (CNB),DN_MAIN,2026-09-25,00:15,03:45,240,Night Heavy Maintenance Slot (Ideal),12302,Howrah Rajdhani Express (NDLS-HWH),Rajdhani Express,12310,Patna Rajdhani Express (NDLS-PNBE),Rajdhani Express,2,0,40000,1,1,5
WIN-ALJN-TDL-DN-1227,NDLS-DDU Golden Diagonal HDN-1,ALJN-TDL,Aligarh (ALJN) - Tundla (TDL),DN_MAIN,2026-09-26,23:30,02:30,180,Late Night Corridor Transition Slot,12418,Prayagraj Express (NDLS-PRYJ),Superfast Express,04124,Kanpur-Prayagraj MEMU Special,Passenger/MEMU,0,0,0,1,1,2
WIN-TDL-ETW-DN-1228,NDLS-DDU Golden Diagonal HDN-1,TDL-ETW,Tundla (TDL) - Etawah (ETW),DN_MAIN,2026-09-27,11:15,13:45,180,Afternoon Lean Passenger Gap,12310,Patna Rajdhani Express (NDLS-PNBE),Rajdhani Express,12560,Shiv Ganga Express (NDLS-BSB),Superfast Express,3,1,180000,0,1,3
WIN-CNB-FTP-UP-1229,NDLS-DDU Golden Diagonal HDN-1,CNB-FTP,Kanpur Central (CNB) - Fatehpur (FTP),UP_MAIN,2026-09-28,23:30,02:30,180,Late Night Corridor Transition Slot,12310,Patna Rajdhani Express (NDLS-PNBE),Rajdhani Express,G-BOXN-Coal-04,Heavy Coal Rake (DDU-Dadri NTPC),Freight (Heavy Mineral),1,0,20000,1,1,5
WIN-CNB-FTP-UP-1230,NDLS-DDU Golden Diagonal HDN-1,CNB-FTP,Kanpur Central (CNB) - Fatehpur (FTP),UP_MAIN,2026-09-29,23:30,02:30,180,Late Night Corridor Transition Slot,12560,Shiv Ganga Express (NDLS-BSB),Superfast Express,G-BCN-Foodgrain-02,FCI Foodgrain Rake (PNBE-UMB),Freight (General),3,0,60000,1,1,5
WIN-TDL-ETW-DN-1231,NDLS-DDU Golden Diagonal HDN-1,TDL-ETW,Tundla (TDL) - Etawah (ETW),DN_MAIN,2026-09-23,02:00,05:30,210,Early Morning Twilight Window,14218,Unchahar Express (CDG-PRG),Mail/Express,04124,Kanpur-Prayagraj MEMU Special,Passenger/MEMU,2,1,80000,0,1,3
WIN-CNB-FTP-UP-1232,NDLS-DDU Golden Diagonal HDN-1,CNB-FTP,Kanpur Central (CNB) - Fatehpur (FTP),UP_MAIN,2026-09-24,02:00,05:30,195,Early Morning Twilight Window,12876,Neelachal Express (ANVT-PURI),Superfast Express,12560,Shiv Ganga Express (NDLS-BSB),Superfast Express,0,0,0,1,1,3
WIN-ALJN-TDL-UP-1233,NDLS-DDU Golden Diagonal HDN-1,ALJN-TDL,Aligarh (ALJN) - Tundla (TDL),UP_MAIN,2026-09-25,13:00,15:30,150,Mid-Day Freight Shadow Gap,22436,Vande Bharat Express (NDLS-BSB),Vande Bharat,12302,Howrah Rajdhani Express (NDLS-HWH),Rajdhani Express,3,0,60000,0,1,5
WIN-TDL-ETW-DN-1234,NDLS-DDU Golden Diagonal HDN-1,TDL-ETW,Tundla (TDL) - Etawah (ETW),DN_MAIN,2026-09-26,11:15,13:45,135,Afternoon Lean Passenger Gap,12302,Howrah Rajdhani Express (NDLS-HWH),Rajdhani Express,12876,Neelachal Express (ANVT-PURI),Superfast Express,1,0,20000,0,1,5
WIN-FTP-PRYJ-UP-1235,NDLS-DDU Golden Diagonal HDN-1,FTP-PRYJ,Fatehpur (FTP) - Prayagraj Jn (PRYJ),UP_MAIN,2026-09-27,23:30,02:30,195,Late Night Corridor Transition Slot,22436,Vande Bharat Express (NDLS-BSB),Vande Bharat,G-CONCOR-01,Container Freight Express (TKD-DDU),Freight (Container),1,0,20000,1,1,3
WIN-TDL-ETW-UP-1236,NDLS-DDU Golden Diagonal HDN-1,TDL-ETW,Tundla (TDL) - Etawah (ETW),UP_MAIN,2026-09-28,02:00,05:30,210,Early Morning Twilight Window,12310,Patna Rajdhani Express (NDLS-PNBE),Rajdhani Express,04124,Kanpur-Prayagraj MEMU Special,Passenger/MEMU,0,1,120000,0,1,5
WIN-PRYJ-MZP-UP-1237,NDLS-DDU Golden Diagonal HDN-1,PRYJ-MZP,Prayagraj Jn (PRYJ) - Mirzapur (MZP),UP_MAIN,2026-09-29,02:00,05:30,210,Early Morning Twilight Window,12302,Howrah Rajdhani Express (NDLS-HWH),Rajdhani Express,12560,Shiv Ganga Express (NDLS-BSB),Superfast Express,0,1,130000,0,1,4
WIN-MZP-DDU-DN-1238,NDLS-DDU Golden Diagonal HDN-1,MZP-DDU,Mirzapur (MZP) - Pt. DD Upadhyaya (DDU),DN_MAIN,2026-09-23,02:00,05:30,240,Early Morning Twilight Window,12004,Lucknow Swarna Shatabdi (NDLS-LKO),Shatabdi Express,22436,Vande Bharat Express (NDLS-BSB),Vande Bharat,3,0,60000,1,1,4
WIN-GZB-ALJN-DN-1239,NDLS-DDU Golden Diagonal HDN-1,GZB-ALJN,Ghaziabad (GZB) - Aligarh (ALJN),DN_MAIN,2026-09-24,13:00,15:30,150,Mid-Day Freight Shadow Gap,14218,Unchahar Express (CDG-PRG),Mail/Express,22436,Vande Bharat Express (NDLS-BSB),Vande Bharat,0,1,40000,0,1,4
WIN-CNB-FTP-DN-1240,NDLS-DDU Golden Diagonal HDN-1,CNB-FTP,Kanpur Central (CNB) - Fatehpur (FTP),DN_MAIN,2026-09-25,00:15,03:45,210,Night Heavy Maintenance Slot (Ideal),22436,Vande Bharat Express (NDLS-BSB),Vande Bharat,12560,Shiv Ganga Express (NDLS-BSB),Superfast Express,3,0,60000,1,1,4
WIN-GZB-ALJN-UP-1241,NDLS-DDU Golden Diagonal HDN-1,GZB-ALJN,Ghaziabad (GZB) - Aligarh (ALJN),UP_MAIN,2026-09-26,11:15,13:45,135,Afternoon Lean Passenger Gap,14218,Unchahar Express (CDG-PRG),Mail/Express,12004,Lucknow Swarna Shatabdi (NDLS-LKO),Shatabdi Express,1,1,60000,0,1,2
WIN-MZP-DDU-UP-1242,NDLS-DDU Golden Diagonal HDN-1,MZP-DDU,Mirzapur (MZP) - Pt. DD Upadhyaya (DDU),UP_MAIN,2026-09-27,01:30,04:30,195,Night Deep Window (Ideal),12418,Prayagraj Express (NDLS-PRYJ),Superfast Express,12004,Lucknow Swarna Shatabdi (NDLS-LKO),Shatabdi Express,3,0,60000,1,1,4
WIN-CNB-FTP-DN-1243,NDLS-DDU Golden Diagonal HDN-1,CNB-FTP,Kanpur Central (CNB) - Fatehpur (FTP),DN_MAIN,2026-09-28,11:15,13:45,150,Afternoon Lean Passenger Gap,12310,Patna Rajdhani Express (NDLS-PNBE),Rajdhani Express,04124,Kanpur-Prayagraj MEMU Special,Passenger/MEMU,0,1,120000,0,1,5
WIN-TDL-ETW-UP-1244,NDLS-DDU Golden Diagonal HDN-1,TDL-ETW,Tundla (TDL) - Etawah (ETW),UP_MAIN,2026-09-29,02:00,05:30,210,Early Morning Twilight Window,12876,Neelachal Express (ANVT-PURI),Superfast Express,22436,Vande Bharat Express (NDLS-BSB),Vande Bharat,1,0,20000,1,1,3
WIN-CNB-FTP-UP-1245,NDLS-DDU Golden Diagonal HDN-1,CNB-FTP,Kanpur Central (CNB) - Fatehpur (FTP),UP_MAIN,2026-09-23,01:30,04:30,180,Night Deep Window (Ideal),12876,Neelachal Express (ANVT-PURI),Superfast Express,G-BCN-Foodgrain-02,FCI Foodgrain Rake (PNBE-UMB),Freight (General),0,0,0,1,1,3
WIN-ETW-CNB-DN-1246,NDLS-DDU Golden Diagonal HDN-1,ETW-CNB,Etawah (ETW) - Kanpur Central (CNB),DN_MAIN,2026-09-24,23:30,02:30,195,Late Night Corridor Transition Slot,12418,Prayagraj Express (NDLS-PRYJ),Superfast Express,12302,Howrah Rajdhani Express (NDLS-HWH),Rajdhani Express,3,0,60000,1,1,5
WIN-TDL-ETW-DN-1247,NDLS-DDU Golden Diagonal HDN-1,TDL-ETW,Tundla (TDL) - Etawah (ETW),DN_MAIN,2026-09-25,11:15,13:45,135,Afternoon Lean Passenger Gap,12876,Neelachal Express (ANVT-PURI),Superfast Express,12310,Patna Rajdhani Express (NDLS-PNBE),Rajdhani Express,0,0,0,0,1,3
WIN-TDL-ETW-DN-1248,NDLS-DDU Golden Diagonal HDN-1,TDL-ETW,Tundla (TDL) - Etawah (ETW),DN_MAIN,2026-09-26,13:00,15:30,150,Mid-Day Freight Shadow Gap,22436,Vande Bharat Express (NDLS-BSB),Vande Bharat,G-BOXN-Coal-04,Heavy Coal Rake (DDU-Dadri NTPC),Freight (Heavy Mineral),0,1,150000,0,1,5
WIN-GZB-ALJN-DN-1249,NDLS-DDU Golden Diagonal HDN-1,GZB-ALJN,Ghaziabad (GZB) - Aligarh (ALJN),DN_MAIN,2026-09-27,11:15,13:45,135,Afternoon Lean Passenger Gap,12418,Prayagraj Express (NDLS-PRYJ),Superfast Express,14218,Unchahar Express (CDG-PRG),Mail/Express,3,0,60000,0,1,3
WIN-TDL-ETW-UP-1250,NDLS-DDU Golden Diagonal HDN-1,TDL-ETW,Tundla (TDL) - Etawah (ETW),UP_MAIN,2026-09-28,02:00,05:30,210,Early Morning Twilight Window,12302,Howrah Rajdhani Express (NDLS-HWH),Rajdhani Express,12418,Prayagraj Express (NDLS-PRYJ),Superfast Express,3,0,60000,1,1,5
WIN-ALJN-TDL-UP-1251,NDLS-DDU Golden Diagonal HDN-1,ALJN-TDL,Aligarh (ALJN) - Tundla (TDL),UP_MAIN,2026-09-29,01:30,04:30,165,Night Deep Window (Ideal),12310,Patna Rajdhani Express (NDLS-PNBE),Rajdhani Express,12004,Lucknow Swarna Shatabdi (NDLS-LKO),Shatabdi Express,1,0,20000,0,1,5
WIN-GZB-ALJN-DN-1252,NDLS-DDU Golden Diagonal HDN-1,GZB-ALJN,Ghaziabad (GZB) - Aligarh (ALJN),DN_MAIN,2026-09-23,01:30,04:30,165,Night Deep Window (Ideal),12310,Patna Rajdhani Express (NDLS-PNBE),Rajdhani Express,12876,Neelachal Express (ANVT-PURI),Superfast Express,1,0,20000,0,1,2
WIN-GZB-ALJN-DN-1253,NDLS-DDU Golden Diagonal HDN-1,GZB-ALJN,Ghaziabad (GZB) - Aligarh (ALJN),DN_MAIN,2026-09-24,11:15,13:45,150,Afternoon Lean Passenger Gap,12418,Prayagraj Express (NDLS-PRYJ),Superfast Express,G-BCN-Foodgrain-02,FCI Foodgrain Rake (PNBE-UMB),Freight (General),1,1,90000,0,1,5
WIN-MZP-DDU-UP-1254,NDLS-DDU Golden Diagonal HDN-1,MZP-DDU,Mirzapur (MZP) - Pt. DD Upadhyaya (DDU),UP_MAIN,2026-09-25,13:00,15:30,135,Mid-Day Freight Shadow Gap,12876,Neelachal Express (ANVT-PURI),Superfast Express,G-BOXN-Coal-04,Heavy Coal Rake (DDU-Dadri NTPC),Freight (Heavy Mineral),2,0,40000,0,1,4
WIN-FTP-PRYJ-DN-1255,NDLS-DDU Golden Diagonal HDN-1,FTP-PRYJ,Fatehpur (FTP) - Prayagraj Jn (PRYJ),DN_MAIN,2026-09-26,02:00,05:30,210,Early Morning Twilight Window,12876,Neelachal Express (ANVT-PURI),Superfast Express,12004,Lucknow Swarna Shatabdi (NDLS-LKO),Shatabdi Express,0,0,0,1,1,2
WIN-GZB-ALJN-UP-1256,NDLS-DDU Golden Diagonal HDN-1,GZB-ALJN,Ghaziabad (GZB) - Aligarh (ALJN),UP_MAIN,2026-09-27,23:30,02:30,180,Late Night Corridor Transition Slot,12560,Shiv Ganga Express (NDLS-BSB),Superfast Express,12004,Lucknow Swarna Shatabdi (NDLS-LKO),Shatabdi Express,3,0,60000,1,1,4
WIN-ALJN-TDL-DN-1257,NDLS-DDU Golden Diagonal HDN-1,ALJN-TDL,Aligarh (ALJN) - Tundla (TDL),DN_MAIN,2026-09-28,01:30,04:30,180,Night Deep Window (Ideal),12418,Prayagraj Express (NDLS-PRYJ),Superfast Express,14218,Unchahar Express (CDG-PRG),Mail/Express,2,0,40000,1,1,4
WIN-ALJN-TDL-UP-1258,NDLS-DDU Golden Diagonal HDN-1,ALJN-TDL,Aligarh (ALJN) - Tundla (TDL),UP_MAIN,2026-09-29,23:30,02:30,210,Late Night Corridor Transition Slot,22436,Vande Bharat Express (NDLS-BSB),Vande Bharat,G-BOXN-Coal-04,Heavy Coal Rake (DDU-Dadri NTPC),Freight (Heavy Mineral),1,0,20000,1,1,4
WIN-FTP-PRYJ-DN-1259,NDLS-DDU Golden Diagonal HDN-1,FTP-PRYJ,Fatehpur (FTP) - Prayagraj Jn (PRYJ),DN_MAIN,2026-09-23,23:30,02:30,180,Late Night Corridor Transition Slot,12560,Shiv Ganga Express (NDLS-BSB),Superfast Express,12004,Lucknow Swarna Shatabdi (NDLS-LKO),Shatabdi Express,1,0,20000,1,1,5
WIN-ALJN-TDL-UP-1260,NDLS-DDU Golden Diagonal HDN-1,ALJN-TDL,Aligarh (ALJN) - Tundla (TDL),UP_MAIN,2026-09-24,01:30,04:30,210,Night Deep Window (Ideal),12302,Howrah Rajdhani Express (NDLS-HWH),Rajdhani Express,22436,Vande Bharat Express (NDLS-BSB),Vande Bharat,1,0,20000,1,1,3
WIN-MZP-DDU-UP-1261,NDLS-DDU Golden Diagonal HDN-1,MZP-DDU,Mirzapur (MZP) - Pt. DD Upadhyaya (DDU),UP_MAIN,2026-09-25,00:15,03:45,225,Night Heavy Maintenance Slot (Ideal),12560,Shiv Ganga Express (NDLS-BSB),Superfast Express,12418,Prayagraj Express (NDLS-PRYJ),Superfast Express,1,0,20000,1,1,3
WIN-GZB-ALJN-UP-1262,NDLS-DDU Golden Diagonal HDN-1,GZB-ALJN,Ghaziabad (GZB) - Aligarh (ALJN),UP_MAIN,2026-09-26,01:30,04:30,180,Night Deep Window (Ideal),12876,Neelachal Express (ANVT-PURI),Superfast Express,04124,Kanpur-Prayagraj MEMU Special,Passenger/MEMU,2,0,40000,1,1,4
WIN-MZP-DDU-UP-1263,NDLS-DDU Golden Diagonal HDN-1,MZP-DDU,Mirzapur (MZP) - Pt. DD Upadhyaya (DDU),UP_MAIN,2026-09-27,11:15,13:45,165,Afternoon Lean Passenger Gap,12302,Howrah Rajdhani Express (NDLS-HWH),Rajdhani Express,14218,Unchahar Express (CDG-PRG),Mail/Express,0,0,0,0,1,4
WIN-TDL-ETW-DN-1264,NDLS-DDU Golden Diagonal HDN-1,TDL-ETW,Tundla (TDL) - Etawah (ETW),DN_MAIN,2026-09-28,00:15,03:45,210,Night Heavy Maintenance Slot (Ideal),22436,Vande Bharat Express (NDLS-BSB),Vande Bharat,G-BCN-Foodgrain-02,FCI Foodgrain Rake (PNBE-UMB),Freight (General),3,0,60000,1,1,5
WIN-ALJN-TDL-UP-1265,NDLS-DDU Golden Diagonal HDN-1,ALJN-TDL,Aligarh (ALJN) - Tundla (TDL),UP_MAIN,2026-09-29,11:15,13:45,165,Afternoon Lean Passenger Gap,12876,Neelachal Express (ANVT-PURI),Superfast Express,04124,Kanpur-Prayagraj MEMU Special,Passenger/MEMU,3,1,120000,0,1,3
WIN-TDL-ETW-UP-1266,NDLS-DDU Golden Diagonal HDN-1,TDL-ETW,Tundla (TDL) - Etawah (ETW),UP_MAIN,2026-09-23,01:30,04:30,165,Night Deep Window (Ideal),12004,Lucknow Swarna Shatabdi (NDLS-LKO),Shatabdi Express,G-CONCOR-01,Container Freight Express (TKD-DDU),Freight (Container),3,0,60000,0,1,4
WIN-CNB-FTP-UP-1267,NDLS-DDU Golden Diagonal HDN-1,CNB-FTP,Kanpur Central (CNB) - Fatehpur (FTP),UP_MAIN,2026-09-24,02:00,05:30,195,Early Morning Twilight Window,12418,Prayagraj Express (NDLS-PRYJ),Superfast Express,04124,Kanpur-Prayagraj MEMU Special,Passenger/MEMU,1,0,20000,1,1,2
WIN-ETW-CNB-DN-1268,NDLS-DDU Golden Diagonal HDN-1,ETW-CNB,Etawah (ETW) - Kanpur Central (CNB),DN_MAIN,2026-09-25,00:15,03:45,210,Night Heavy Maintenance Slot (Ideal),12310,Patna Rajdhani Express (NDLS-PNBE),Rajdhani Express,12418,Prayagraj Express (NDLS-PRYJ),Superfast Express,2,0,40000,1,1,2
WIN-ETW-CNB-UP-1269,NDLS-DDU Golden Diagonal HDN-1,ETW-CNB,Etawah (ETW) - Kanpur Central (CNB),UP_MAIN,2026-09-26,13:00,15:30,150,Mid-Day Freight Shadow Gap,12302,Howrah Rajdhani Express (NDLS-HWH),Rajdhani Express,22436,Vande Bharat Express (NDLS-BSB),Vande Bharat,2,1,170000,0,1,2
WIN-CNB-FTP-UP-1270,NDLS-DDU Golden Diagonal HDN-1,CNB-FTP,Kanpur Central (CNB) - Fatehpur (FTP),UP_MAIN,2026-09-27,11:15,13:45,135,Afternoon Lean Passenger Gap,12418,Prayagraj Express (NDLS-PRYJ),Superfast Express,12560,Shiv Ganga Express (NDLS-BSB),Superfast Express,0,1,70000,0,1,3
WIN-CNB-FTP-UP-1271,NDLS-DDU Golden Diagonal HDN-1,CNB-FTP,Kanpur Central (CNB) - Fatehpur (FTP),UP_MAIN,2026-09-28,02:00,05:30,240,Early Morning Twilight Window,22436,Vande Bharat Express (NDLS-BSB),Vande Bharat,04124,Kanpur-Prayagraj MEMU Special,Passenger/MEMU,0,1,150000,0,1,4
WIN-ETW-CNB-DN-1272,NDLS-DDU Golden Diagonal HDN-1,ETW-CNB,Etawah (ETW) - Kanpur Central (CNB),DN_MAIN,2026-09-29,01:30,04:30,180,Night Deep Window (Ideal),12560,Shiv Ganga Express (NDLS-BSB),Superfast Express,12418,Prayagraj Express (NDLS-PRYJ),Superfast Express,3,0,60000,1,1,3
WIN-MZP-DDU-UP-1273,NDLS-DDU Golden Diagonal HDN-1,MZP-DDU,Mirzapur (MZP) - Pt. DD Upadhyaya (DDU),UP_MAIN,2026-09-23,23:30,02:30,180,Late Night Corridor Transition Slot,12876,Neelachal Express (ANVT-PURI),Superfast Express,12560,Shiv Ganga Express (NDLS-BSB),Superfast Express,3,0,60000,1,1,2
WIN-MZP-DDU-UP-1274,NDLS-DDU Golden Diagonal HDN-1,MZP-DDU,Mirzapur (MZP) - Pt. DD Upadhyaya (DDU),UP_MAIN,2026-09-24,11:15,13:45,180,Afternoon Lean Passenger Gap,12310,Patna Rajdhani Express (NDLS-PNBE),Rajdhani Express,12004,Lucknow Swarna Shatabdi (NDLS-LKO),Shatabdi Express,3,0,60000,1,1,4
WIN-GZB-ALJN-DN-1275,NDLS-DDU Golden Diagonal HDN-1,GZB-ALJN,Ghaziabad (GZB) - Aligarh (ALJN),DN_MAIN,2026-09-25,01:30,04:30,210,Night Deep Window (Ideal),12310,Patna Rajdhani Express (NDLS-PNBE),Rajdhani Express,12876,Neelachal Express (ANVT-PURI),Superfast Express,1,0,20000,1,1,2
WIN-TDL-ETW-UP-1276,NDLS-DDU Golden Diagonal HDN-1,TDL-ETW,Tundla (TDL) - Etawah (ETW),UP_MAIN,2026-09-26,11:15,13:45,165,Afternoon Lean Passenger Gap,12004,Lucknow Swarna Shatabdi (NDLS-LKO),Shatabdi Express,14218,Unchahar Express (CDG-PRG),Mail/Express,0,0,0,0,1,2
WIN-ALJN-TDL-DN-1277,NDLS-DDU Golden Diagonal HDN-1,ALJN-TDL,Aligarh (ALJN) - Tundla (TDL),DN_MAIN,2026-09-27,11:15,13:45,135,Afternoon Lean Passenger Gap,22436,Vande Bharat Express (NDLS-BSB),Vande Bharat,12302,Howrah Rajdhani Express (NDLS-HWH),Rajdhani Express,0,0,0,0,1,3
WIN-ALJN-TDL-DN-1278,NDLS-DDU Golden Diagonal HDN-1,ALJN-TDL,Aligarh (ALJN) - Tundla (TDL),DN_MAIN,2026-09-28,01:30,04:30,210,Night Deep Window (Ideal),22436,Vande Bharat Express (NDLS-BSB),Vande Bharat,12302,Howrah Rajdhani Express (NDLS-HWH),Rajdhani Express,2,0,40000,1,1,2
WIN-ETW-CNB-UP-1279,NDLS-DDU Golden Diagonal HDN-1,ETW-CNB,Etawah (ETW) - Kanpur Central (CNB),UP_MAIN,2026-09-29,11:15,13:45,150,Afternoon Lean Passenger Gap,14218,Unchahar Express (CDG-PRG),Mail/Express,12310,Patna Rajdhani Express (NDLS-PNBE),Rajdhani Express,2,1,80000,0,1,3
WIN-ETW-CNB-UP-1280,NDLS-DDU Golden Diagonal HDN-1,ETW-CNB,Etawah (ETW) - Kanpur Central (CNB),UP_MAIN,2026-09-23,13:00,15:30,180,Mid-Day Freight Shadow Gap,12418,Prayagraj Express (NDLS-PRYJ),Superfast Express,G-BOXN-Coal-04,Heavy Coal Rake (DDU-Dadri NTPC),Freight (Heavy Mineral),0,0,0,1,1,2
WIN-ALJN-TDL-DN-1281,NDLS-DDU Golden Diagonal HDN-1,ALJN-TDL,Aligarh (ALJN) - Tundla (TDL),DN_MAIN,2026-09-24,00:15,03:45,195,Night Heavy Maintenance Slot (Ideal),12876,Neelachal Express (ANVT-PURI),Superfast Express,12310,Patna Rajdhani Express (NDLS-PNBE),Rajdhani Express,1,0,20000,1,1,2
WIN-ETW-CNB-DN-1282,NDLS-DDU Golden Diagonal HDN-1,ETW-CNB,Etawah (ETW) - Kanpur Central (CNB),DN_MAIN,2026-09-25,11:15,13:45,150,Afternoon Lean Passenger Gap,12310,Patna Rajdhani Express (NDLS-PNBE),Rajdhani Express,12560,Shiv Ganga Express (NDLS-BSB),Superfast Express,1,1,140000,0,1,2
WIN-MZP-DDU-UP-1283,NDLS-DDU Golden Diagonal HDN-1,MZP-DDU,Mirzapur (MZP) - Pt. DD Upadhyaya (DDU),UP_MAIN,2026-09-26,00:15,03:45,210,Night Heavy Maintenance Slot (Ideal),12004,Lucknow Swarna Shatabdi (NDLS-LKO),Shatabdi Express,12302,Howrah Rajdhani Express (NDLS-HWH),Rajdhani Express,2,0,40000,1,1,2
WIN-FTP-PRYJ-UP-1284,NDLS-DDU Golden Diagonal HDN-1,FTP-PRYJ,Fatehpur (FTP) - Prayagraj Jn (PRYJ),UP_MAIN,2026-09-27,02:00,05:30,240,Early Morning Twilight Window,12302,Howrah Rajdhani Express (NDLS-HWH),Rajdhani Express,22436,Vande Bharat Express (NDLS-BSB),Vande Bharat,1,0,20000,1,1,5
WIN-FTP-PRYJ-UP-1285,NDLS-DDU Golden Diagonal HDN-1,FTP-PRYJ,Fatehpur (FTP) - Prayagraj Jn (PRYJ),UP_MAIN,2026-09-28,23:30,02:30,180,Late Night Corridor Transition Slot,12876,Neelachal Express (ANVT-PURI),Superfast Express,12310,Patna Rajdhani Express (NDLS-PNBE),Rajdhani Express,2,0,40000,1,1,4
WIN-ALJN-TDL-DN-1286,NDLS-DDU Golden Diagonal HDN-1,ALJN-TDL,Aligarh (ALJN) - Tundla (TDL),DN_MAIN,2026-09-29,11:15,13:45,135,Afternoon Lean Passenger Gap,12560,Shiv Ganga Express (NDLS-BSB),Superfast Express,12418,Prayagraj Express (NDLS-PRYJ),Superfast Express,0,0,0,0,1,3
WIN-FTP-PRYJ-UP-1287,NDLS-DDU Golden Diagonal HDN-1,FTP-PRYJ,Fatehpur (FTP) - Prayagraj Jn (PRYJ),UP_MAIN,2026-09-23,11:15,13:45,165,Afternoon Lean Passenger Gap,14218,Unchahar Express (CDG-PRG),Mail/Express,G-BCN-Foodgrain-02,FCI Foodgrain Rake (PNBE-UMB),Freight (General),0,0,0,0,1,5
WIN-CNB-FTP-UP-1288,NDLS-DDU Golden Diagonal HDN-1,CNB-FTP,Kanpur Central (CNB) - Fatehpur (FTP),UP_MAIN,2026-09-24,00:15,03:45,210,Night Heavy Maintenance Slot (Ideal),12560,Shiv Ganga Express (NDLS-BSB),Superfast Express,12310,Patna Rajdhani Express (NDLS-PNBE),Rajdhani Express,3,0,60000,1,1,4
WIN-FTP-PRYJ-DN-1289,NDLS-DDU Golden Diagonal HDN-1,FTP-PRYJ,Fatehpur (FTP) - Prayagraj Jn (PRYJ),DN_MAIN,2026-09-25,11:15,13:45,165,Afternoon Lean Passenger Gap,14218,Unchahar Express (CDG-PRG),Mail/Express,G-BCN-Foodgrain-02,FCI Foodgrain Rake (PNBE-UMB),Freight (General),2,0,40000,0,1,3
WIN-PRYJ-MZP-DN-1290,NDLS-DDU Golden Diagonal HDN-1,PRYJ-MZP,Prayagraj Jn (PRYJ) - Mirzapur (MZP),DN_MAIN,2026-09-26,13:00,15:30,180,Mid-Day Freight Shadow Gap,14218,Unchahar Express (CDG-PRG),Mail/Express,04124,Kanpur-Prayagraj MEMU Special,Passenger/MEMU,3,0,60000,1,1,5
WIN-ALJN-TDL-DN-1291,NDLS-DDU Golden Diagonal HDN-1,ALJN-TDL,Aligarh (ALJN) - Tundla (TDL),DN_MAIN,2026-09-27,13:00,15:30,135,Mid-Day Freight Shadow Gap,12004,Lucknow Swarna Shatabdi (NDLS-LKO),Shatabdi Express,G-BCN-Foodgrain-02,FCI Foodgrain Rake (PNBE-UMB),Freight (General),1,1,130000,0,1,2
WIN-ETW-CNB-UP-1292,NDLS-DDU Golden Diagonal HDN-1,ETW-CNB,Etawah (ETW) - Kanpur Central (CNB),UP_MAIN,2026-09-28,02:00,05:30,195,Early Morning Twilight Window,14218,Unchahar Express (CDG-PRG),Mail/Express,12310,Patna Rajdhani Express (NDLS-PNBE),Rajdhani Express,0,1,40000,0,1,4
WIN-TDL-ETW-DN-1293,NDLS-DDU Golden Diagonal HDN-1,TDL-ETW,Tundla (TDL) - Etawah (ETW),DN_MAIN,2026-09-29,11:15,13:45,165,Afternoon Lean Passenger Gap,12310,Patna Rajdhani Express (NDLS-PNBE),Rajdhani Express,04124,Kanpur-Prayagraj MEMU Special,Passenger/MEMU,1,0,20000,0,1,3
WIN-GZB-ALJN-UP-1294,NDLS-DDU Golden Diagonal HDN-1,GZB-ALJN,Ghaziabad (GZB) - Aligarh (ALJN),UP_MAIN,2026-09-23,00:15,03:45,195,Night Heavy Maintenance Slot (Ideal),12310,Patna Rajdhani Express (NDLS-PNBE),Rajdhani Express,12876,Neelachal Express (ANVT-PURI),Superfast Express,3,0,60000,1,1,4
WIN-GZB-ALJN-UP-1295,NDLS-DDU Golden Diagonal HDN-1,GZB-ALJN,Ghaziabad (GZB) - Aligarh (ALJN),UP_MAIN,2026-09-24,23:30,02:30,210,Late Night Corridor Transition Slot,12302,Howrah Rajdhani Express (NDLS-HWH),Rajdhani Express,14218,Unchahar Express (CDG-PRG),Mail/Express,1,0,20000,1,1,2
WIN-TDL-ETW-DN-1296,NDLS-DDU Golden Diagonal HDN-1,TDL-ETW,Tundla (TDL) - Etawah (ETW),DN_MAIN,2026-09-25,01:30,04:30,165,Night Deep Window (Ideal),12302,Howrah Rajdhani Express (NDLS-HWH),Rajdhani Express,12004,Lucknow Swarna Shatabdi (NDLS-LKO),Shatabdi Express,0,0,0,0,1,5
WIN-TDL-ETW-UP-1297,NDLS-DDU Golden Diagonal HDN-1,TDL-ETW,Tundla (TDL) - Etawah (ETW),UP_MAIN,2026-09-26,11:15,13:45,180,Afternoon Lean Passenger Gap,12310,Patna Rajdhani Express (NDLS-PNBE),Rajdhani Express,G-BCN-Foodgrain-02,FCI Foodgrain Rake (PNBE-UMB),Freight (General),2,1,160000,0,1,5
WIN-FTP-PRYJ-DN-1298,NDLS-DDU Golden Diagonal HDN-1,FTP-PRYJ,Fatehpur (FTP) - Prayagraj Jn (PRYJ),DN_MAIN,2026-09-27,23:30,02:30,165,Late Night Corridor Transition Slot,22436,Vande Bharat Express (NDLS-BSB),Vande Bharat,12418,Prayagraj Express (NDLS-PRYJ),Superfast Express,1,0,20000,0,1,2
WIN-GZB-ALJN-UP-1299,NDLS-DDU Golden Diagonal HDN-1,GZB-ALJN,Ghaziabad (GZB) - Aligarh (ALJN),UP_MAIN,2026-09-28,13:00,15:30,165,Mid-Day Freight Shadow Gap,12310,Patna Rajdhani Express (NDLS-PNBE),Rajdhani Express,22436,Vande Bharat Express (NDLS-BSB),Vande Bharat,3,1,180000,0,1,4
WIN-CNB-FTP-UP-1300,NDLS-DDU Golden Diagonal HDN-1,CNB-FTP,Kanpur Central (CNB) - Fatehpur (FTP),UP_MAIN,2026-09-29,11:15,13:45,135,Afternoon Lean Passenger Gap,12310,Patna Rajdhani Express (NDLS-PNBE),Rajdhani Express,12418,Prayagraj Express (NDLS-PRYJ),Superfast Express,3,0,60000,0,1,3
