joint_block_id,corridor,section_code,section_name,line_type,block_start_km,block_end_km,scheduled_date,allocated_start_time,allocated_end_time,allocated_duration_min,bundled_demand_ids,bundled_departments,departments_count,bundled_jobs_count,sum_individual_requested_hours,optimized_joint_block_hours,saved_track_block_hours,train_paths_preserved_count,passenger_trains_delayed_count,freight_trains_regulated_count,solver_algorithm,optimization_status,officer_approval_status,ai_shap_explainable_rationale
JB-2026-PRYJ-MZP-101,NDLS-DDU Golden Diagonal HDN-1,PRYJ-MZP,Prayagraj Jn (PRYJ) - Mirzapur (MZP),UP_MAIN,705.099,708.599,2026-09-25,12:15,16:30,255,DEM-2026-TRD-10431; DEM-2026-ENG-10283,TDMS + TMS,2,2,6.0,4.25,1.75,1,0,1,OR-Tools CP-SAT + Hard Safety Matrix,OPTIMAL_FEASIBLE,PENDING_REVIEW,Bundled TDMS + TMS at Km 705.1-708.6. Anchored by High Urgency Track Tamping and Alignment (CSM Machine) (Priority: 62.0) during 255m traffic gap to avoid 1 separate corridor closures.
JB-2026-PRYJ-MZP-102,NDLS-DDU Golden Diagonal HDN-1,PRYJ-MZP,Prayagraj Jn (PRYJ) - Mirzapur (MZP),UP_MAIN,273.735,654.797,2026-09-26,00:00,04:30,270,DEM-2026-ENG-10417; DEM-2026-ENG-10463; DEM-2026-SNT-10164,SMMS + TMS,2,3,10.0,4.5,5.5,2,0,0,OR-Tools CP-SAT + Hard Safety Matrix,OPTIMAL_FEASIBLE,APPROVED,Bundled SMMS + TMS at Km 273.7-654.8. Anchored by High Urgency Electronic Interlocking (EI) Field Functional Testing (Priority: 79.3) during 270m traffic gap to avoid 2 separate corridor closures.
JB-2026-FTP-PRYJ-103,NDLS-DDU Golden Diagonal HDN-1,FTP-PRYJ,Fatehpur (FTP) - Prayagraj Jn (PRYJ),UP_MAIN,163.067,563.88,2026-09-27,00:00,05:15,315,DEM-2026-TRD-10147; DEM-2026-TRD-10097; DEM-2026-ENG-10405,TDMS + TMS,2,3,9.0,5.25,3.75,2,0,2,OR-Tools CP-SAT + Hard Safety Matrix,OPTIMAL_FEASIBLE,APPROVED,Bundled TDMS + TMS at Km 163.1-563.9. Anchored by High Urgency Thermit Weld Collar Fracturing Repair (Priority: 84.4) during 315m traffic gap to avoid 2 separate corridor closures.
JB-2026-CNB-FTP-104,NDLS-DDU Golden Diagonal HDN-1,CNB-FTP,Kanpur Central (CNB) - Fatehpur (FTP),UP_MAIN,487.414,498.834,2026-09-28,02:00,04:45,165,DEM-2026-TRD-10328; DEM-2026-ENG-10024,TDMS + TMS,2,2,4.5,2.75,1.75,1,0,2,OR-Tools CP-SAT + Hard Safety Matrix,OPTIMAL_FEASIBLE,APPROVED,Bundled TDMS + TMS at Km 487.4-498.8. Anchored by High Urgency Section Insulator & Motorized Isolator Contact Overhaul (Priority: 57.8) during 165m traffic gap to avoid 1 separate corridor closures.
JB-2026-MZP-DDU-105,NDLS-DDU Golden Diagonal HDN-1,MZP-DDU,Mirzapur (MZP) - Pt. DD Upadhyaya (DDU),UP_MAIN,317.541,744.429,2026-09-29,02:15,06:30,255,DEM-2026-TRD-10193; DEM-2026-TRD-10040; DEM-2026-SNT-10229,SMMS + TDMS,2,3,8.0,4.25,3.75,2,0,1,OR-Tools CP-SAT + Hard Safety Matrix,OPTIMAL_FEASIBLE,APPROVED,Bundled SMMS + TDMS at Km 317.5-744.4. Anchored by High Urgency Traction Substation (TSS) 132/25kV Circuit Breaker Servicing (Priority: 74.4) during 255m traffic gap to avoid 2 separate corridor closures.
JB-2026-FTP-PRYJ-106,NDLS-DDU Golden Diagonal HDN-1,FTP-PRYJ,Fatehpur (FTP) - Prayagraj Jn (PRYJ),DN_MAIN,540.582,581.199,2026-09-30,02:15,08:30,375,DEM-2026-ENG-10136; DEM-2026-TRD-10521; DEM-2026-TRD-10436,TDMS + TMS,2,3,15.0,6.25,8.75,2,0,2,OR-Tools CP-SAT + Hard Safety Matrix,OPTIMAL_FEASIBLE,APPROVED,Bundled TDMS + TMS at Km 540.6-581.2. Anchored by High Urgency Ballast Cleaning & Deep Screening (BCM) (Priority: 75.5) during 375m traffic gap to avoid 2 separate corridor closures.
JB-2026-TDL-ETW-107,NDLS-DDU Golden Diagonal HDN-1,TDL-ETW,Tundla (TDL) - Etawah (ETW),UP_MAIN,248.24,289.554,2026-10-01,01:00,05:30,270,DEM-2026-ENG-10359; DEM-2026-TRD-10507; DEM-2026-SNT-10048,SMMS + TDMS + TMS,3,3,8.0,4.5,3.5,2,0,2,OR-Tools CP-SAT + Hard Safety Matrix,OPTIMAL_FEASIBLE,PENDING_REVIEW,Bundled SMMS + TDMS + TMS at Km 248.2-289.6. Anchored by High Urgency Digital Axle Counter (DAC) Head Sensor Replacement (Priority: 87.4) during 270m traffic gap to avoid 2 separate corridor closures.
JB-2026-ALJN-TDL-108,NDLS-DDU Golden Diagonal HDN-1,ALJN-TDL,Aligarh (ALJN) - Tundla (TDL),UP_MAIN,168.823,172.312,2026-10-02,13:30,19:45,375,DEM-2026-SNT-10177; DEM-2026-ENG-10081,SMMS + TMS,2,2,10.0,6.25,3.75,1,0,2,OR-Tools CP-SAT + Hard Safety Matrix,OPTIMAL_FEASIBLE,APPROVED,Bundled SMMS + TMS at Km 168.8-172.3. Anchored by High Urgency Ballast Cleaning & Deep Screening (BCM) (Priority: 72.9) during 375m traffic gap to avoid 1 separate corridor closures.
JB-2026-MZP-DDU-109,NDLS-DDU Golden Diagonal HDN-1,MZP-DDU,Mirzapur (MZP) - Pt. DD Upadhyaya (DDU),UP_MAIN,716.313,755.327,2026-10-03,00:30,04:00,210,DEM-2026-TRD-10162; DEM-2026-ENG-10257; DEM-2026-ENG-10466,TDMS + TMS,2,3,8.0,3.5,4.5,2,0,2,OR-Tools CP-SAT + Hard Safety Matrix,OPTIMAL_FEASIBLE,PENDING_REVIEW,Bundled TDMS + TMS at Km 716.3-755.3. Anchored by High Urgency Contact Wire Kink & Catenary Sag Emergency Splice (Priority: 92.3) during 210m traffic gap to avoid 2 separate corridor closures.
JB-2026-ETW-CNB-110,NDLS-DDU Golden Diagonal HDN-1,ETW-CNB,Etawah (ETW) - Kanpur Central (CNB),UP_MAIN,358.745,384.864,2026-09-24,00:00,03:30,210,DEM-2026-ENG-10210; DEM-2026-SNT-10508,SMMS + TMS,2,2,5.0,3.5,1.5,1,0,0,OR-Tools CP-SAT + Hard Safety Matrix,OPTIMAL_FEASIBLE,APPROVED,Bundled SMMS + TMS at Km 358.7-384.9. Anchored by High Urgency Point Machine Overhaul & Friction Clutch Testing (Priority: 69.1) during 210m traffic gap to avoid 1 separate corridor closures.
JB-2026-ALJN-TDL-111,NDLS-DDU Golden Diagonal HDN-1,ALJN-TDL,Aligarh (ALJN) - Tundla (TDL),DN_MAIN,163.067,479.744,2026-09-25,01:00,03:30,150,DEM-2026-ENG-10405; DEM-2026-ENG-10295; DEM-2026-TRD-10143,TDMS + TMS,2,3,6.0,2.5,3.5,2,0,1,OR-Tools CP-SAT + Hard Safety Matrix,OPTIMAL_FEASIBLE,APPROVED,Bundled TDMS + TMS at Km 163.1-479.7. Anchored by High Urgency Thermit Weld Collar Fracturing Repair (Priority: 84.7) during 150m traffic gap to avoid 2 separate corridor closures.
JB-2026-FTP-PRYJ-112,NDLS-DDU Golden Diagonal HDN-1,FTP-PRYJ,Fatehpur (FTP) - Prayagraj Jn (PRYJ),UP_MAIN,520.418,567.501,2026-09-26,02:15,04:45,150,DEM-2026-TRD-10097; DEM-2026-ENG-10554,TDMS + TMS,2,2,4.0,2.5,1.5,1,0,1,OR-Tools CP-SAT + Hard Safety Matrix,OPTIMAL_FEASIBLE,PENDING_REVIEW,Bundled TDMS + TMS at Km 520.4-567.5. Anchored by High Urgency Thermit Weld Collar Fracturing Repair (Priority: 75.9) during 150m traffic gap to avoid 1 separate corridor closures.
JB-2026-TDL-ETW-113,NDLS-DDU Golden Diagonal HDN-1,TDL-ETW,Tundla (TDL) - Etawah (ETW),UP_MAIN,275.524,289.554,2026-09-27,12:30,19:00,390,DEM-2026-SNT-10048; DEM-2026-ENG-10275; DEM-2026-SNT-10245,SMMS + TMS,2,3,9.5,6.5,3.0,2,0,2,OR-Tools CP-SAT + Hard Safety Matrix,OPTIMAL_FEASIBLE,APPROVED,Bundled SMMS + TMS at Km 275.5-289.6. Anchored by High Urgency Digital Axle Counter (DAC) Head Sensor Replacement (Priority: 87.4) during 390m traffic gap to avoid 2 separate corridor closures.
JB-2026-MZP-DDU-114,NDLS-DDU Golden Diagonal HDN-1,MZP-DDU,Mirzapur (MZP) - Pt. DD Upadhyaya (DDU),DN_MAIN,718.78,764.543,2026-09-28,13:15,16:15,180,DEM-2026-SNT-10228; DEM-2026-ENG-10071; DEM-2026-SNT-10483,SMMS + TMS,2,3,6.5,3.0,3.5,2,0,1,OR-Tools CP-SAT + Hard Safety Matrix,OPTIMAL_FEASIBLE,APPROVED,Bundled SMMS + TMS at Km 718.8-764.5. Anchored by High Urgency Point Machine Overhaul & Friction Clutch Testing (Priority: 69.2) during 180m traffic gap to avoid 2 separate corridor closures.
JB-2026-GZB-ALJN-115,NDLS-DDU Golden Diagonal HDN-1,GZB-ALJN,Ghaziabad (GZB) - Aligarh (ALJN),UP_MAIN,112.653,122.419,2026-09-29,02:15,06:30,255,DEM-2026-ENG-10027; DEM-2026-SNT-10540,SMMS + TMS,2,2,6.0,4.25,1.75,1,0,0,OR-Tools CP-SAT + Hard Safety Matrix,OPTIMAL_FEASIBLE,PENDING_REVIEW,Bundled SMMS + TMS at Km 112.7-122.4. Anchored by High Urgency Thermit Weld Collar Fracturing Repair (Priority: 79.3) during 255m traffic gap to avoid 1 separate corridor closures.
JB-2026-ALJN-TDL-116,NDLS-DDU Golden Diagonal HDN-1,ALJN-TDL,Aligarh (ALJN) - Tundla (TDL),UP_MAIN,133.541,186.292,2026-09-30,12:30,18:00,330,DEM-2026-SNT-10409; DEM-2026-TRD-10037; DEM-2026-ENG-10337,SMMS + TDMS + TMS,3,3,9.5,5.5,4.0,2,0,2,OR-Tools CP-SAT + Hard Safety Matrix,OPTIMAL_FEASIBLE,PENDING_REVIEW,Bundled SMMS + TDMS + TMS at Km 133.5-186.3. Anchored by High Urgency Contact Wire Kink & Catenary Sag Emergency Splice (Priority: 79.1) during 330m traffic gap to avoid 2 separate corridor closures.
JB-2026-ALJN-TDL-117,NDLS-DDU Golden Diagonal HDN-1,ALJN-TDL,Aligarh (ALJN) - Tundla (TDL),UP_MAIN,158.741,192.817,2026-10-01,01:15,07:45,390,DEM-2026-TRD-10061; DEM-2026-TRD-10369; DEM-2026-ENG-10577,TDMS + TMS,2,3,15.0,6.5,8.5,2,0,1,OR-Tools CP-SAT + Hard Safety Matrix,OPTIMAL_FEASIBLE,APPROVED,Bundled TDMS + TMS at Km 158.7-192.8. Anchored by High Urgency Ballast Cleaning & Deep Screening (BCM) (Priority: 77.2) during 390m traffic gap to avoid 2 separate corridor closures.
JB-2026-FTP-PRYJ-118,NDLS-DDU Golden Diagonal HDN-1,FTP-PRYJ,Fatehpur (FTP) - Prayagraj Jn (PRYJ),DN_MAIN,553.491,747.561,2026-10-02,02:15,07:30,315,DEM-2026-TRD-10163; DEM-2026-TRD-10521; DEM-2026-TRD-10530; DEM-2026-SNT-10353,SMMS + TDMS,2,4,12.5,5.25,7.25,3,0,0,OR-Tools CP-SAT + Hard Safety Matrix,OPTIMAL_FEASIBLE,APPROVED,Bundled SMMS + TDMS at Km 553.5-747.6. Anchored by High Urgency Contact Wire Kink & Catenary Sag Emergency Splice (Priority: 88.0) during 315m traffic gap to avoid 3 separate corridor closures.
JB-2026-MZP-DDU-119,NDLS-DDU Golden Diagonal HDN-1,MZP-DDU,Mirzapur (MZP) - Pt. DD Upadhyaya (DDU),UP_MAIN,726.369,768.628,2026-10-03,13:15,17:30,255,DEM-2026-TRD-10193; DEM-2026-SNT-10465,SMMS + TDMS,2,2,5.5,4.25,1.25,1,0,0,OR-Tools CP-SAT + Hard Safety Matrix,OPTIMAL_FEASIBLE,APPROVED,Bundled SMMS + TDMS at Km 726.4-768.6. Anchored by High Urgency Digital Axle Counter (DAC) Head Sensor Replacement (Priority: 92.8) during 255m traffic gap to avoid 1 separate corridor closures.
JB-2026-PRYJ-MZP-120,NDLS-DDU Golden Diagonal HDN-1,PRYJ-MZP,Prayagraj Jn (PRYJ) - Mirzapur (MZP),DN_MAIN,347.351,711.006,2026-09-24,02:15,08:45,390,DEM-2026-ENG-10038; DEM-2026-ENG-10180; DEM-2026-SNT-10019,SMMS + TMS,2,3,11.5,6.5,5.0,2,0,2,OR-Tools CP-SAT + Hard Safety Matrix,OPTIMAL_FEASIBLE,APPROVED,Bundled SMMS + TMS at Km 347.4-711.0. Anchored by High Urgency Digital Axle Counter (DAC) Head Sensor Replacement (Priority: 87.6) during 390m traffic gap to avoid 2 separate corridor closures.
JB-2026-ALJN-TDL-121,NDLS-DDU Golden Diagonal HDN-1,ALJN-TDL,Aligarh (ALJN) - Tundla (TDL),UP_MAIN,164.056,192.817,2026-09-25,02:30,06:45,255,DEM-2026-ENG-10217; DEM-2026-TRD-10369,TDMS + TMS,2,2,8.0,4.25,3.75,1,0,1,OR-Tools CP-SAT + Hard Safety Matrix,OPTIMAL_FEASIBLE,PENDING_REVIEW,Bundled TDMS + TMS at Km 164.1-192.8. Anchored by High Urgency Traction Substation (TSS) 132/25kV Circuit Breaker Servicing (Priority: 66.7) during 255m traffic gap to avoid 1 separate corridor closures.
JB-2026-ETW-CNB-122,NDLS-DDU Golden Diagonal HDN-1,ETW-CNB,Etawah (ETW) - Kanpur Central (CNB),DN_MAIN,374.479,428.278,2026-09-26,12:15,15:30,195,DEM-2026-SNT-10591; DEM-2026-ENG-10020,SMMS + TMS,2,2,4.5,3.25,1.25,1,0,1,OR-Tools CP-SAT + Hard Safety Matrix,OPTIMAL_FEASIBLE,APPROVED,Bundled SMMS + TMS at Km 374.5-428.3. Anchored by High Urgency USFD Defect Rail Replacement (IMR Flaw) (Priority: 90.8) during 195m traffic gap to avoid 1 separate corridor closures.
JB-2026-ETW-CNB-123,NDLS-DDU Golden Diagonal HDN-1,ETW-CNB,Etawah (ETW) - Kanpur Central (CNB),DN_MAIN,373.054,509.529,2026-09-27,02:30,07:00,270,DEM-2026-ENG-10374; DEM-2026-ENG-10425; DEM-2026-ENG-10513; DEM-2026-TRD-10137,TDMS + TMS,2,4,10.5,4.5,6.0,3,0,2,OR-Tools CP-SAT + Hard Safety Matrix,OPTIMAL_FEASIBLE,PENDING_REVIEW,Bundled TDMS + TMS at Km 373.1-509.5. Anchored by High Urgency Thermit Weld Collar Fracturing Repair (Priority: 93.0) during 270m traffic gap to avoid 3 separate corridor closures.
JB-2026-GZB-ALJN-124,NDLS-DDU Golden Diagonal HDN-1,GZB-ALJN,Ghaziabad (GZB) - Aligarh (ALJN),UP_MAIN,32.483,121.343,2026-09-28,02:30,05:45,195,DEM-2026-SNT-10490; DEM-2026-TRD-10437,SMMS + TDMS,2,2,5.0,3.25,1.75,1,0,2,OR-Tools CP-SAT + Hard Safety Matrix,OPTIMAL_FEASIBLE,APPROVED,Bundled SMMS + TDMS at Km 32.5-121.3. Anchored by High Urgency Main Signalling Cable Insulation Meggering & Trenching Check (Priority: 59.1) during 195m traffic gap to avoid 1 separate corridor closures.
JB-2026-GZB-ALJN-125,NDLS-DDU Golden Diagonal HDN-1,GZB-ALJN,Ghaziabad (GZB) - Aligarh (ALJN),UP_MAIN,51.7,113.135,2026-09-29,00:30,05:00,270,DEM-2026-ENG-10579; DEM-2026-ENG-10027; DEM-2026-TRD-10318,TDMS + TMS,2,3,9.0,4.5,4.5,2,0,1,OR-Tools CP-SAT + Hard Safety Matrix,OPTIMAL_FEASIBLE,APPROVED,Bundled TDMS + TMS at Km 51.7-113.1. Anchored by High Urgency Thermit Weld Collar Fracturing Repair (Priority: 79.3) during 270m traffic gap to avoid 2 separate corridor closures.
JB-2026-GZB-ALJN-126,NDLS-DDU Golden Diagonal HDN-1,GZB-ALJN,Ghaziabad (GZB) - Aligarh (ALJN),DN_MAIN,93.921,478.734,2026-09-30,01:15,04:30,195,DEM-2026-ENG-10526; DEM-2026-ENG-10155; DEM-2026-TRD-10033,TDMS + TMS,2,3,8.0,3.25,4.75,2,0,2,OR-Tools CP-SAT + Hard Safety Matrix,OPTIMAL_FEASIBLE,APPROVED,Bundled TDMS + TMS at Km 93.9-478.7. Anchored by High Urgency USFD Defect Rail Replacement (IMR Flaw) (Priority: 89.3) during 195m traffic gap to avoid 2 separate corridor closures.
JB-2026-PRYJ-MZP-127,NDLS-DDU Golden Diagonal HDN-1,PRYJ-MZP,Prayagraj Jn (PRYJ) - Mirzapur (MZP),UP_MAIN,638.745,703.62,2026-10-01,02:00,07:30,330,DEM-2026-ENG-10308; DEM-2026-SNT-10296; DEM-2026-SNT-10030,SMMS + TMS,2,3,8.0,5.5,2.5,2,0,1,OR-Tools CP-SAT + Hard Safety Matrix,OPTIMAL_FEASIBLE,APPROVED,Bundled SMMS + TMS at Km 638.7-703.6. Anchored by High Urgency Digital Axle Counter (DAC) Head Sensor Replacement (Priority: 84.9) during 330m traffic gap to avoid 2 separate corridor closures.
JB-2026-ALJN-TDL-128,NDLS-DDU Golden Diagonal HDN-1,ALJN-TDL,Aligarh (ALJN) - Tundla (TDL),DN_MAIN,134.48,190.61,2026-10-02,13:15,16:45,210,DEM-2026-SNT-10339; DEM-2026-SNT-10309; DEM-2026-ENG-10447,SMMS + TMS,2,3,6.5,3.5,3.0,2,0,0,OR-Tools CP-SAT + Hard Safety Matrix,OPTIMAL_FEASIBLE,APPROVED,Bundled SMMS + TMS at Km 134.5-190.6. Anchored by High Urgency Digital Axle Counter (DAC) Head Sensor Replacement (Priority: 90.6) during 210m traffic gap to avoid 2 separate corridor closures.
JB-2026-MZP-DDU-129,NDLS-DDU Golden Diagonal HDN-1,MZP-DDU,Mirzapur (MZP) - Pt. DD Upadhyaya (DDU),DN_MAIN,743.346,777.984,2026-10-03,13:15,16:30,195,DEM-2026-TRD-10093; DEM-2026-TRD-10371; DEM-2026-SNT-10411,SMMS + TDMS,2,3,7.0,3.25,3.75,2,0,1,OR-Tools CP-SAT + Hard Safety Matrix,OPTIMAL_FEASIBLE,APPROVED,Bundled SMMS + TDMS at Km 743.3-778.0. Anchored by High Urgency Contact Wire Kink & Catenary Sag Emergency Splice (Priority: 79.6) during 195m traffic gap to avoid 2 separate corridor closures.
JB-2026-PRYJ-MZP-130,NDLS-DDU Golden Diagonal HDN-1,PRYJ-MZP,Prayagraj Jn (PRYJ) - Mirzapur (MZP),DN_MAIN,456.063,669.428,2026-09-24,13:15,15:30,135,DEM-2026-TRD-10064; DEM-2026-TRD-10106; DEM-2026-ENG-10062,TDMS + TMS,2,3,6.0,2.25,3.75,2,0,0,OR-Tools CP-SAT + Hard Safety Matrix,OPTIMAL_FEASIBLE,PENDING_REVIEW,Bundled TDMS + TMS at Km 456.1-669.4. Anchored by High Urgency Thermit Weld Collar Fracturing Repair (Priority: 89.3) during 135m traffic gap to avoid 2 separate corridor closures.
JB-2026-ALJN-TDL-131,NDLS-DDU Golden Diagonal HDN-1,ALJN-TDL,Aligarh (ALJN) - Tundla (TDL),DN_MAIN,169.801,554.528,2026-09-25,01:15,07:30,375,DEM-2026-ENG-10534; DEM-2026-ENG-10279; DEM-2026-TRD-10382,TDMS + TMS,2,3,13.5,6.25,7.25,2,0,2,OR-Tools CP-SAT + Hard Safety Matrix,OPTIMAL_FEASIBLE,PENDING_REVIEW,Bundled TDMS + TMS at Km 169.8-554.5. Anchored by High Urgency Ballast Cleaning & Deep Screening (BCM) (Priority: 74.2) during 375m traffic gap to avoid 2 separate corridor closures.
JB-2026-ALJN-TDL-132,NDLS-DDU Golden Diagonal HDN-1,ALJN-TDL,Aligarh (ALJN) - Tundla (TDL),UP_MAIN,133.541,188.084,2026-09-26,12:00,17:30,330,DEM-2026-TRD-10063; DEM-2026-ENG-10337; DEM-2026-SNT-10409,SMMS + TDMS + TMS,3,3,12.0,5.5,6.5,2,0,1,OR-Tools CP-SAT + Hard Safety Matrix,OPTIMAL_FEASIBLE,APPROVED,Bundled SMMS + TDMS + TMS at Km 133.5-188.1. Anchored by High Urgency 25 kV OHE Catenary & Contact Wire Stringing Renewal (Priority: 74.5) during 330m traffic gap to avoid 2 separate corridor closures.
JB-2026-CNB-FTP-133,NDLS-DDU Golden Diagonal HDN-1,CNB-FTP,Kanpur Central (CNB) - Fatehpur (FTP),DN_MAIN,462.261,487.221,2026-09-27,12:00,15:15,195,DEM-2026-SNT-10282; DEM-2026-SNT-10378; DEM-2026-ENG-10168,SMMS + TMS,2,3,7.0,3.25,3.75,2,0,0,OR-Tools CP-SAT + Hard Safety Matrix,OPTIMAL_FEASIBLE,APPROVED,Bundled SMMS + TMS at Km 462.3-487.2. Anchored by High Urgency Thermit Weld Collar Fracturing Repair (Priority: 80.1) during 195m traffic gap to avoid 2 separate corridor closures.
JB-2026-TDL-ETW-134,NDLS-DDU Golden Diagonal HDN-1,TDL-ETW,Tundla (TDL) - Etawah (ETW),DN_MAIN,208.299,224.367,2026-09-28,01:30,04:00,150,DEM-2026-ENG-10320; DEM-2026-ENG-10160; DEM-2026-SNT-10585,SMMS + TMS,2,3,5.5,2.5,3.0,2,0,1,OR-Tools CP-SAT + Hard Safety Matrix,OPTIMAL_FEASIBLE,APPROVED,Bundled SMMS + TMS at Km 208.3-224.4. Anchored by High Urgency Thermit Weld Collar Fracturing Repair (Priority: 91.0) during 150m traffic gap to avoid 2 separate corridor closures.
JB-2026-PRYJ-MZP-135,NDLS-DDU Golden Diagonal HDN-1,PRYJ-MZP,Prayagraj Jn (PRYJ) - Mirzapur (MZP),UP_MAIN,682.293,711.0,2026-09-29,02:30,09:00,390,DEM-2026-ENG-10182; DEM-2026-SNT-10426; DEM-2026-ENG-10283,SMMS + TMS,2,3,11.5,6.5,5.0,2,0,0,OR-Tools CP-SAT + Hard Safety Matrix,OPTIMAL_FEASIBLE,PENDING_REVIEW,Bundled SMMS + TMS at Km 682.3-711.0. Anchored by High Urgency Ballast Cleaning & Deep Screening (BCM) (Priority: 65.2) during 390m traffic gap to avoid 2 separate corridor closures.
JB-2026-ETW-CNB-136,NDLS-DDU Golden Diagonal HDN-1,ETW-CNB,Etawah (ETW) - Kanpur Central (CNB),UP_MAIN,406.836,424.907,2026-09-30,02:30,05:00,150,DEM-2026-ENG-10496; DEM-2026-TRD-10184,TDMS + TMS,2,2,4.0,2.5,1.5,1,0,0,OR-Tools CP-SAT + Hard Safety Matrix,OPTIMAL_FEASIBLE,APPROVED,Bundled TDMS + TMS at Km 406.8-424.9. Anchored by High Urgency Thermit Weld Collar Fracturing Repair (Priority: 88.2) during 150m traffic gap to avoid 1 separate corridor closures.
JB-2026-ETW-CNB-137,NDLS-DDU Golden Diagonal HDN-1,ETW-CNB,Etawah (ETW) - Kanpur Central (CNB),UP_MAIN,344.68,412.303,2026-10-01,13:00,16:15,195,DEM-2026-SNT-10065; DEM-2026-ENG-10433,SMMS + TMS,2,2,6.0,3.25,2.75,1,0,0,OR-Tools CP-SAT + Hard Safety Matrix,OPTIMAL_FEASIBLE,APPROVED,Bundled SMMS + TMS at Km 344.7-412.3. Anchored by High Urgency USFD Defect Rail Replacement (IMR Flaw) (Priority: 92.6) during 195m traffic gap to avoid 1 separate corridor closures.
JB-2026-PRYJ-MZP-138,NDLS-DDU Golden Diagonal HDN-1,PRYJ-MZP,Prayagraj Jn (PRYJ) - Mirzapur (MZP),UP_MAIN,647.242,660.248,2026-10-02,01:30,05:45,255,DEM-2026-TRD-10477; DEM-2026-SNT-10416,SMMS + TDMS,2,2,6.0,4.25,1.75,1,0,0,OR-Tools CP-SAT + Hard Safety Matrix,OPTIMAL_FEASIBLE,APPROVED,Bundled SMMS + TDMS at Km 647.2-660.2. Anchored by High Urgency Traction Substation (TSS) 132/25kV Circuit Breaker Servicing (Priority: 67.0) during 255m traffic gap to avoid 1 separate corridor closures.
JB-2026-ETW-CNB-139,NDLS-DDU Golden Diagonal HDN-1,ETW-CNB,Etawah (ETW) - Kanpur Central (CNB),UP_MAIN,312.457,334.955,2026-10-03,01:30,04:45,195,DEM-2026-TRD-10254; DEM-2026-ENG-10103; DEM-2026-ENG-10260,TDMS + TMS,2,3,7.5,3.25,4.25,2,0,0,OR-Tools CP-SAT + Hard Safety Matrix,OPTIMAL_FEASIBLE,APPROVED,Bundled TDMS + TMS at Km 312.5-335.0. Anchored by High Urgency Contact Wire Kink & Catenary Sag Emergency Splice (Priority: 89.3) during 195m traffic gap to avoid 2 separate corridor closures.
JB-2026-ALJN-TDL-140,NDLS-DDU Golden Diagonal HDN-1,ALJN-TDL,Aligarh (ALJN) - Tundla (TDL),DN_MAIN,142.028,197.347,2026-09-24,02:00,08:30,390,DEM-2026-ENG-10123; DEM-2026-TRD-10149,TDMS + TMS,2,2,8.5,6.5,2.0,1,0,0,OR-Tools CP-SAT + Hard Safety Matrix,OPTIMAL_FEASIBLE,APPROVED,Bundled TDMS + TMS at Km 142.0-197.3. Anchored by High Urgency Contact Wire Kink & Catenary Sag Emergency Splice (Priority: 88.3) during 390m traffic gap to avoid 1 separate corridor closures.
JB-2026-MZP-DDU-141,NDLS-DDU Golden Diagonal HDN-1,MZP-DDU,Mirzapur (MZP) - Pt. DD Upadhyaya (DDU),DN_MAIN,721.47,758.156,2026-09-25,00:15,03:45,210,DEM-2026-TRD-10252; DEM-2026-SNT-10080,SMMS + TDMS,2,2,5.0,3.5,1.5,1,0,0,OR-Tools CP-SAT + Hard Safety Matrix,OPTIMAL_FEASIBLE,PENDING_REVIEW,Bundled SMMS + TDMS at Km 721.5-758.2. Anchored by High Urgency Track Circuit Glued Joint Bonding & Meggering (Priority: 54.7) during 210m traffic gap to avoid 1 separate corridor closures.
JB-2026-ALJN-TDL-142,NDLS-DDU Golden Diagonal HDN-1,ALJN-TDL,Aligarh (ALJN) - Tundla (TDL),UP_MAIN,157.991,201.135,2026-09-26,01:15,06:30,315,DEM-2026-ENG-10357; DEM-2026-TRD-10298; DEM-2026-TRD-10401,TDMS + TMS,2,3,12.0,5.25,6.75,2,0,0,OR-Tools CP-SAT + Hard Safety Matrix,OPTIMAL_FEASIBLE,APPROVED,Bundled TDMS + TMS at Km 158.0-201.1. Anchored by High Urgency Points & Crossing Turnout Tamping (UNIMAT) (Priority: 69.2) during 315m traffic gap to avoid 2 separate corridor closures.
JB-2026-GZB-ALJN-143,NDLS-DDU Golden Diagonal HDN-1,GZB-ALJN,Ghaziabad (GZB) - Aligarh (ALJN),UP_MAIN,21.215,99.607,2026-09-27,01:30,05:45,255,DEM-2026-TRD-10190; DEM-2026-TRD-10318; DEM-2026-SNT-10375,SMMS + TDMS,2,3,8.0,4.25,3.75,2,0,2,OR-Tools CP-SAT + Hard Safety Matrix,OPTIMAL_FEASIBLE,APPROVED,Bundled SMMS + TDMS at Km 21.2-99.6. Anchored by High Urgency Traction Substation (TSS) 132/25kV Circuit Breaker Servicing (Priority: 61.4) during 255m traffic gap to avoid 2 separate corridor closures.
JB-2026-ALJN-TDL-144,NDLS-DDU Golden Diagonal HDN-1,ALJN-TDL,Aligarh (ALJN) - Tundla (TDL),UP_MAIN,127.977,137.894,2026-09-28,01:15,04:00,165,DEM-2026-SNT-10510; DEM-2026-ENG-10002,SMMS + TMS,2,2,4.0,2.75,1.25,1,0,0,OR-Tools CP-SAT + Hard Safety Matrix,OPTIMAL_FEASIBLE,APPROVED,Bundled SMMS + TMS at Km 128.0-137.9. Anchored by High Urgency Digital Axle Counter (DAC) Head Sensor Replacement (Priority: 86.1) during 165m traffic gap to avoid 1 separate corridor closures.
JB-2026-GZB-ALJN-145,NDLS-DDU Golden Diagonal HDN-1,GZB-ALJN,Ghaziabad (GZB) - Aligarh (ALJN),DN_MAIN,85.156,306.567,2026-09-29,02:15,07:30,315,DEM-2026-SNT-10281; DEM-2026-SNT-10127; DEM-2026-TRD-10504,SMMS + TDMS,2,3,9.0,5.25,3.75,2,0,1,OR-Tools CP-SAT + Hard Safety Matrix,OPTIMAL_FEASIBLE,APPROVED,Bundled SMMS + TDMS at Km 85.2-306.6. Anchored by High Urgency 25 kV OHE Catenary & Contact Wire Stringing Renewal (Priority: 78.8) during 315m traffic gap to avoid 2 separate corridor closures.
JB-2026-ALJN-TDL-146,NDLS-DDU Golden Diagonal HDN-1,ALJN-TDL,Aligarh (ALJN) - Tundla (TDL),DN_MAIN,162.377,189.985,2026-09-30,13:15,16:45,210,DEM-2026-ENG-10405; DEM-2026-SNT-10575; DEM-2026-SNT-10415,SMMS + TMS,2,3,6.5,3.5,3.0,2,0,0,OR-Tools CP-SAT + Hard Safety Matrix,OPTIMAL_FEASIBLE,APPROVED,Bundled SMMS + TMS at Km 162.4-190.0. Anchored by High Urgency Thermit Weld Collar Fracturing Repair (Priority: 84.4) during 210m traffic gap to avoid 2 separate corridor closures.
JB-2026-TDL-ETW-147,NDLS-DDU Golden Diagonal HDN-1,TDL-ETW,Tundla (TDL) - Etawah (ETW),UP_MAIN,248.24,295.964,2026-10-01,01:00,05:30,270,DEM-2026-ENG-10313; DEM-2026-ENG-10140; DEM-2026-TRD-10507,TDMS + TMS,2,3,11.0,4.5,6.5,2,0,2,OR-Tools CP-SAT + Hard Safety Matrix,OPTIMAL_FEASIBLE,PENDING_REVIEW,Bundled TDMS + TMS at Km 248.2-296.0. Anchored by High Urgency Traction Substation (TSS) 132/25kV Circuit Breaker Servicing (Priority: 71.1) during 270m traffic gap to avoid 2 separate corridor closures.
JB-2026-PRYJ-MZP-148,NDLS-DDU Golden Diagonal HDN-1,PRYJ-MZP,Prayagraj Jn (PRYJ) - Mirzapur (MZP),DN_MAIN,640.73,679.408,2026-10-02,13:15,16:30,195,DEM-2026-SNT-10572; DEM-2026-TRD-10236; DEM-2026-ENG-10280,SMMS + TDMS + TMS,3,3,8.5,3.25,5.25,2,0,1,OR-Tools CP-SAT + Hard Safety Matrix,OPTIMAL_FEASIBLE,APPROVED,Bundled SMMS + TDMS + TMS at Km 640.7-679.4. Anchored by High Urgency Contact Wire Kink & Catenary Sag Emergency Splice (Priority: 81.4) during 195m traffic gap to avoid 2 separate corridor closures.
JB-2026-FTP-PRYJ-149,NDLS-DDU Golden Diagonal HDN-1,FTP-PRYJ,Fatehpur (FTP) - Prayagraj Jn (PRYJ),DN_MAIN,591.012,594.744,2026-10-03,13:15,18:30,315,DEM-2026-TRD-10216; DEM-2026-ENG-10159,TDMS + TMS,2,2,9.0,5.25,3.75,1,0,2,OR-Tools CP-SAT + Hard Safety Matrix,OPTIMAL_FEASIBLE,PENDING_REVIEW,Bundled TDMS + TMS at Km 591.0-594.7. Anchored by High Urgency Traction Substation (TSS) 132/25kV Circuit Breaker Servicing (Priority: 62.9) during 315m traffic gap to avoid 1 separate corridor closures.
JB-2026-CNB-FTP-150,NDLS-DDU Golden Diagonal HDN-1,CNB-FTP,Kanpur Central (CNB) - Fatehpur (FTP),DN_MAIN,444.046,488.032,2026-09-24,12:00,17:30,330,DEM-2026-ENG-10052; DEM-2026-SNT-10069; DEM-2026-ENG-10145,SMMS + TMS,2,3,12.0,5.5,6.5,2,0,1,OR-Tools CP-SAT + Hard Safety Matrix,OPTIMAL_FEASIBLE,APPROVED,Bundled SMMS + TMS at Km 444.0-488.0. Anchored by High Urgency Electronic Interlocking (EI) Field Functional Testing (Priority: 77.8) during 330m traffic gap to avoid 2 separate corridor closures.
JB-2026-ALJN-TDL-151,NDLS-DDU Golden Diagonal HDN-1,ALJN-TDL,Aligarh (ALJN) - Tundla (TDL),UP_MAIN,157.991,178.056,2026-09-25,00:15,06:30,375,DEM-2026-SNT-10347; DEM-2026-ENG-10081; DEM-2026-TRD-10298,SMMS + TDMS + TMS,3,3,11.5,6.25,5.25,2,0,2,OR-Tools CP-SAT + Hard Safety Matrix,OPTIMAL_FEASIBLE,APPROVED,Bundled SMMS + TDMS + TMS at Km 158.0-178.1. Anchored by High Urgency Ballast Cleaning & Deep Screening (BCM) (Priority: 72.9) during 375m traffic gap to avoid 2 separate corridor closures.
JB-2026-FTP-PRYJ-152,NDLS-DDU Golden Diagonal HDN-1,FTP-PRYJ,Fatehpur (FTP) - Prayagraj Jn (PRYJ),UP_MAIN,514.446,614.617,2026-09-26,12:15,15:30,195,DEM-2026-TRD-10407; DEM-2026-ENG-10152; DEM-2026-TRD-10115,TDMS + TMS,2,3,8.0,3.25,4.75,2,0,2,OR-Tools CP-SAT + Hard Safety Matrix,OPTIMAL_FEASIBLE,APPROVED,Bundled TDMS + TMS at Km 514.4-614.6. Anchored by High Urgency Contact Wire Kink & Catenary Sag Emergency Splice (Priority: 84.2) during 195m traffic gap to avoid 2 separate corridor closures.
JB-2026-ETW-CNB-153,NDLS-DDU Golden Diagonal HDN-1,ETW-CNB,Etawah (ETW) - Kanpur Central (CNB),UP_MAIN,306.21,384.864,2026-09-27,12:15,16:45,270,DEM-2026-SNT-10539; DEM-2026-TRD-10109; DEM-2026-SNT-10508,SMMS + TDMS,2,3,7.5,4.5,3.0,2,0,1,OR-Tools CP-SAT + Hard Safety Matrix,OPTIMAL_FEASIBLE,APPROVED,Bundled SMMS + TDMS at Km 306.2-384.9. Anchored by High Urgency Digital Axle Counter (DAC) Head Sensor Replacement (Priority: 87.2) during 270m traffic gap to avoid 2 separate corridor closures.
JB-2026-ETW-CNB-154,NDLS-DDU Golden Diagonal HDN-1,ETW-CNB,Etawah (ETW) - Kanpur Central (CNB),UP_MAIN,328.676,411.151,2026-09-28,00:00,04:30,270,DEM-2026-SNT-10464; DEM-2026-TRD-10099; DEM-2026-ENG-10260,SMMS + TDMS + TMS,3,3,8.5,4.5,4.0,2,0,1,OR-Tools CP-SAT + Hard Safety Matrix,OPTIMAL_FEASIBLE,APPROVED,Bundled SMMS + TDMS + TMS at Km 328.7-411.2. Anchored by High Urgency Contact Wire Kink & Catenary Sag Emergency Splice (Priority: 90.5) during 270m traffic gap to avoid 2 separate corridor closures.
JB-2026-FTP-PRYJ-155,NDLS-DDU Golden Diagonal HDN-1,FTP-PRYJ,Fatehpur (FTP) - Prayagraj Jn (PRYJ),DN_MAIN,551.802,558.227,2026-09-29,00:30,03:00,150,DEM-2026-TRD-10384; DEM-2026-SNT-10031,SMMS + TDMS,2,2,4.0,2.5,1.5,1,0,2,OR-Tools CP-SAT + Hard Safety Matrix,OPTIMAL_FEASIBLE,APPROVED,Bundled SMMS + TDMS at Km 551.8-558.2. Anchored by High Urgency Track Circuit Glued Joint Bonding & Meggering (Priority: 62.8) during 150m traffic gap to avoid 1 separate corridor closures.
JB-2026-MZP-DDU-156,NDLS-DDU Golden Diagonal HDN-1,MZP-DDU,Mirzapur (MZP) - Pt. DD Upadhyaya (DDU),DN_MAIN,745.355,775.104,2026-09-30,00:30,03:00,150,DEM-2026-ENG-10536; DEM-2026-SNT-10596,SMMS + TMS,2,2,3.5,2.5,1.0,1,0,2,OR-Tools CP-SAT + Hard Safety Matrix,OPTIMAL_FEASIBLE,APPROVED,Bundled SMMS + TMS at Km 745.4-775.1. Anchored by High Urgency Thermit Weld Collar Fracturing Repair (Priority: 77.0) during 150m traffic gap to avoid 1 separate corridor closures.
JB-2026-FTP-PRYJ-157,NDLS-DDU Golden Diagonal HDN-1,FTP-PRYJ,Fatehpur (FTP) - Prayagraj Jn (PRYJ),UP_MAIN,515.765,523.012,2026-10-01,02:15,04:45,150,DEM-2026-ENG-10306; DEM-2026-TRD-10086,TDMS + TMS,2,2,4.0,2.5,1.5,1,0,1,OR-Tools CP-SAT + Hard Safety Matrix,OPTIMAL_FEASIBLE,APPROVED,Bundled TDMS + TMS at Km 515.8-523.0. Anchored by High Urgency Thermit Weld Collar Fracturing Repair (Priority: 82.1) during 150m traffic gap to avoid 1 separate corridor closures.
JB-2026-PRYJ-MZP-158,NDLS-DDU Golden Diagonal HDN-1,PRYJ-MZP,Prayagraj Jn (PRYJ) - Mirzapur (MZP),UP_MAIN,653.023,707.413,2026-10-02,12:15,15:45,210,DEM-2026-ENG-10561; DEM-2026-ENG-10087; DEM-2026-TRD-10431,TDMS + TMS,2,3,8.0,3.5,4.5,2,0,2,OR-Tools CP-SAT + Hard Safety Matrix,OPTIMAL_FEASIBLE,APPROVED,Bundled TDMS + TMS at Km 653.0-707.4. Anchored by High Urgency USFD Defect Rail Replacement (IMR Flaw) (Priority: 80.2) during 210m traffic gap to avoid 2 separate corridor closures.
JB-2026-FTP-PRYJ-159,NDLS-DDU Golden Diagonal HDN-1,FTP-PRYJ,Fatehpur (FTP) - Prayagraj Jn (PRYJ),UP_MAIN,588.368,614.617,2026-10-03,01:00,03:45,165,DEM-2026-TRD-10115; DEM-2026-SNT-10028,SMMS + TDMS,2,2,4.0,2.75,1.25,1,0,1,OR-Tools CP-SAT + Hard Safety Matrix,OPTIMAL_FEASIBLE,PENDING_REVIEW,Bundled SMMS + TDMS at Km 588.4-614.6. Anchored by High Urgency Digital Axle Counter (DAC) Head Sensor Replacement (Priority: 93.6) during 165m traffic gap to avoid 1 separate corridor closures.
JB-2026-ETW-CNB-160,NDLS-DDU Golden Diagonal HDN-1,ETW-CNB,Etawah (ETW) - Kanpur Central (CNB),UP_MAIN,266.536,390.236,2026-09-24,00:15,05:30,315,DEM-2026-TRD-10239; DEM-2026-TRD-10323; DEM-2026-SNT-10402,SMMS + TDMS,2,3,11.0,5.25,5.75,2,0,0,OR-Tools CP-SAT + Hard Safety Matrix,OPTIMAL_FEASIBLE,APPROVED,Bundled SMMS + TDMS at Km 266.5-390.2. Anchored by High Urgency 25 kV OHE Catenary & Contact Wire Stringing Renewal (Priority: 72.1) during 315m traffic gap to avoid 2 separate corridor closures.
JB-2026-GZB-ALJN-161,NDLS-DDU Golden Diagonal HDN-1,GZB-ALJN,Ghaziabad (GZB) - Aligarh (ALJN),DN_MAIN,39.534,57.339,2026-09-25,02:30,07:00,270,DEM-2026-SNT-10299; DEM-2026-TRD-10454,SMMS + TDMS,2,2,5.5,4.5,1.0,1,0,0,OR-Tools CP-SAT + Hard Safety Matrix,OPTIMAL_FEASIBLE,APPROVED,Bundled SMMS + TDMS at Km 39.5-57.3. Anchored by High Urgency Traction Substation (TSS) 132/25kV Circuit Breaker Servicing (Priority: 73.9) during 270m traffic gap to avoid 1 separate corridor closures.
JB-2026-MZP-DDU-162,NDLS-DDU Golden Diagonal HDN-1,MZP-DDU,Mirzapur (MZP) - Pt. DD Upadhyaya (DDU),UP_MAIN,726.369,765.085,2026-09-26,12:30,17:00,270,DEM-2026-TRD-10193; DEM-2026-SNT-10043,SMMS + TDMS,2,2,6.0,4.5,1.5,1,0,0,OR-Tools CP-SAT + Hard Safety Matrix,OPTIMAL_FEASIBLE,APPROVED,Bundled SMMS + TDMS at Km 726.4-765.1. Anchored by High Urgency Traction Substation (TSS) 132/25kV Circuit Breaker Servicing (Priority: 74.4) during 270m traffic gap to avoid 1 separate corridor closures.
JB-2026-MZP-DDU-163,NDLS-DDU Golden Diagonal HDN-1,MZP-DDU,Mirzapur (MZP) - Pt. DD Upadhyaya (DDU),DN_MAIN,758.964,772.346,2026-09-27,01:00,05:30,270,DEM-2026-TRD-10219; DEM-2026-ENG-10527; DEM-2026-ENG-10517,TDMS + TMS,2,3,8.5,4.5,4.0,2,0,1,OR-Tools CP-SAT + Hard Safety Matrix,OPTIMAL_FEASIBLE,APPROVED,Bundled TDMS + TMS at Km 759.0-772.3. Anchored by High Urgency Track Tamping and Alignment (CSM Machine) (Priority: 59.2) during 270m traffic gap to avoid 2 separate corridor closures.
JB-2026-ALJN-TDL-164,NDLS-DDU Golden Diagonal HDN-1,ALJN-TDL,Aligarh (ALJN) - Tundla (TDL),DN_MAIN,170.936,192.099,2026-09-28,00:00,06:15,375,DEM-2026-ENG-10534; DEM-2026-TRD-10522,TDMS + TMS,2,2,8.0,6.25,1.75,1,0,1,OR-Tools CP-SAT + Hard Safety Matrix,OPTIMAL_FEASIBLE,APPROVED,Bundled TDMS + TMS at Km 170.9-192.1. Anchored by High Urgency Ballast Cleaning & Deep Screening (BCM) (Priority: 74.2) during 375m traffic gap to avoid 1 separate corridor closures.
JB-2026-ETW-CNB-165,NDLS-DDU Golden Diagonal HDN-1,ETW-CNB,Etawah (ETW) - Kanpur Central (CNB),UP_MAIN,289.629,301.154,2026-09-29,00:15,05:45,330,DEM-2026-TRD-10443; DEM-2026-TRD-10355; DEM-2026-SNT-10138,SMMS + TDMS,2,3,10.0,5.5,4.5,2,0,0,OR-Tools CP-SAT + Hard Safety Matrix,OPTIMAL_FEASIBLE,APPROVED,Bundled SMMS + TDMS at Km 289.6-301.2. Anchored by High Urgency 25 kV OHE Catenary & Contact Wire Stringing Renewal (Priority: 65.7) during 330m traffic gap to avoid 2 separate corridor closures.
JB-2026-CNB-FTP-166,NDLS-DDU Golden Diagonal HDN-1,CNB-FTP,Kanpur Central (CNB) - Fatehpur (FTP),DN_MAIN,444.046,457.434,2026-09-30,01:15,05:30,255,DEM-2026-TRD-10438; DEM-2026-SNT-10069,SMMS + TDMS,2,2,6.0,4.25,1.75,1,0,1,OR-Tools CP-SAT + Hard Safety Matrix,OPTIMAL_FEASIBLE,PENDING_REVIEW,Bundled SMMS + TDMS at Km 444.0-457.4. Anchored by High Urgency Electronic Interlocking (EI) Field Functional Testing (Priority: 77.8) during 255m traffic gap to avoid 1 separate corridor closures.
JB-2026-ETW-CNB-167,NDLS-DDU Golden Diagonal HDN-1,ETW-CNB,Etawah (ETW) - Kanpur Central (CNB),DN_MAIN,199.06,388.977,2026-10-01,02:30,05:45,195,DEM-2026-TRD-10035; DEM-2026-TRD-10187; DEM-2026-ENG-10315,TDMS + TMS,2,3,7.5,3.25,4.25,2,0,2,OR-Tools CP-SAT + Hard Safety Matrix,OPTIMAL_FEASIBLE,APPROVED,Bundled TDMS + TMS at Km 199.1-389.0. Anchored by High Urgency Contact Wire Kink & Catenary Sag Emergency Splice (Priority: 96.0) during 195m traffic gap to avoid 2 separate corridor closures.
JB-2026-TDL-ETW-168,NDLS-DDU Golden Diagonal HDN-1,TDL-ETW,Tundla (TDL) - Etawah (ETW),DN_MAIN,231.84,292.384,2026-10-02,12:00,16:15,255,DEM-2026-TRD-10139; DEM-2026-ENG-10218,TDMS + TMS,2,2,7.0,4.25,2.75,1,0,1,OR-Tools CP-SAT + Hard Safety Matrix,OPTIMAL_FEASIBLE,APPROVED,Bundled TDMS + TMS at Km 231.8-292.4. Anchored by High Urgency OHE Periodic Annual Overhaul (AOH) & Dropper Regulation (Priority: 60.6) during 255m traffic gap to avoid 1 separate corridor closures.
JB-2026-MZP-DDU-169,NDLS-DDU Golden Diagonal HDN-1,MZP-DDU,Mirzapur (MZP) - Pt. DD Upadhyaya (DDU),DN_MAIN,728.5,768.984,2026-10-03,02:15,07:30,315,DEM-2026-ENG-10133; DEM-2026-SNT-10080; DEM-2026-ENG-10588,SMMS + TMS,2,3,9.0,5.25,3.75,2,0,0,OR-Tools CP-SAT + Hard Safety Matrix,OPTIMAL_FEASIBLE,APPROVED,Bundled SMMS + TMS at Km 728.5-769.0. Anchored by High Urgency Thermit Weld Collar Fracturing Repair (Priority: 75.1) during 315m traffic gap to avoid 2 separate corridor closures.
JB-2026-PRYJ-MZP-170,NDLS-DDU Golden Diagonal HDN-1,PRYJ-MZP,Prayagraj Jn (PRYJ) - Mirzapur (MZP),DN_MAIN,644.03,683.593,2026-09-24,00:00,04:30,270,DEM-2026-ENG-10038; DEM-2026-ENG-10397; DEM-2026-TRD-10236,TDMS + TMS,2,3,9.5,4.5,5.0,2,0,2,OR-Tools CP-SAT + Hard Safety Matrix,OPTIMAL_FEASIBLE,PENDING_REVIEW,Bundled TDMS + TMS at Km 644.0-683.6. Anchored by High Urgency USFD Defect Rail Replacement (IMR Flaw) (Priority: 84.1) during 270m traffic gap to avoid 2 separate corridor closures.
JB-2026-PRYJ-MZP-171,NDLS-DDU Golden Diagonal HDN-1,PRYJ-MZP,Prayagraj Jn (PRYJ) - Mirzapur (MZP),UP_MAIN,638.745,708.599,2026-09-25,13:30,18:00,270,DEM-2026-SNT-10296; DEM-2026-TRD-10431; DEM-2026-ENG-10283,SMMS + TDMS + TMS,3,3,7.5,4.5,3.0,2,0,1,OR-Tools CP-SAT + Hard Safety Matrix,OPTIMAL_FEASIBLE,PENDING_REVIEW,Bundled SMMS + TDMS + TMS at Km 638.7-708.6. Anchored by High Urgency Digital Axle Counter (DAC) Head Sensor Replacement (Priority: 84.9) during 270m traffic gap to avoid 2 separate corridor closures.
JB-2026-ALJN-TDL-172,NDLS-DDU Golden Diagonal HDN-1,ALJN-TDL,Aligarh (ALJN) - Tundla (TDL),UP_MAIN,179.961,188.084,2026-09-26,00:00,05:15,315,DEM-2026-TRD-10063; DEM-2026-SNT-10183,SMMS + TDMS,2,2,6.5,5.25,1.25,1,0,2,OR-Tools CP-SAT + Hard Safety Matrix,OPTIMAL_FEASIBLE,APPROVED,Bundled SMMS + TDMS at Km 180.0-188.1. Anchored by High Urgency 25 kV OHE Catenary & Contact Wire Stringing Renewal (Priority: 74.5) during 315m traffic gap to avoid 1 separate corridor closures.
JB-2026-ETW-CNB-173,NDLS-DDU Golden Diagonal HDN-1,ETW-CNB,Etawah (ETW) - Kanpur Central (CNB),UP_MAIN,299.24,456.494,2026-09-27,12:15,15:45,210,DEM-2026-ENG-10260; DEM-2026-ENG-10247; DEM-2026-TRD-10559,TDMS + TMS,2,3,7.0,3.5,3.5,2,0,0,OR-Tools CP-SAT + Hard Safety Matrix,OPTIMAL_FEASIBLE,APPROVED,Bundled TDMS + TMS at Km 299.2-456.5. Anchored by High Urgency Thermit Weld Collar Fracturing Repair (Priority: 85.9) during 210m traffic gap to avoid 2 separate corridor closures.
JB-2026-CNB-FTP-174,NDLS-DDU Golden Diagonal HDN-1,CNB-FTP,Kanpur Central (CNB) - Fatehpur (FTP),DN_MAIN,459.677,488.032,2026-09-28,02:30,08:00,330,DEM-2026-ENG-10145; DEM-2026-SNT-10154,SMMS + TMS,2,2,7.0,5.5,1.5,1,0,2,OR-Tools CP-SAT + Hard Safety Matrix,OPTIMAL_FEASIBLE,APPROVED,Bundled SMMS + TMS at Km 459.7-488.0. Anchored by High Urgency Rail Grinding for Rolling Contact Fatigue (RGM) (Priority: 50.4) during 330m traffic gap to avoid 1 separate corridor closures.
JB-2026-GZB-ALJN-175,NDLS-DDU Golden Diagonal HDN-1,GZB-ALJN,Ghaziabad (GZB) - Aligarh (ALJN),UP_MAIN,51.7,159.47,2026-09-29,02:30,06:00,210,DEM-2026-ENG-10341; DEM-2026-ENG-10579; DEM-2026-TRD-10560,TDMS + TMS,2,3,8.0,3.5,4.5,2,0,0,OR-Tools CP-SAT + Hard Safety Matrix,OPTIMAL_FEASIBLE,APPROVED,Bundled TDMS + TMS at Km 51.7-159.5. Anchored by High Urgency USFD Defect Rail Replacement (IMR Flaw) (Priority: 85.9) during 210m traffic gap to avoid 2 separate corridor closures.
JB-2026-FTP-PRYJ-176,NDLS-DDU Golden Diagonal HDN-1,FTP-PRYJ,Fatehpur (FTP) - Prayagraj Jn (PRYJ),UP_MAIN,520.418,557.853,2026-09-30,01:00,04:00,180,DEM-2026-TRD-10097; DEM-2026-ENG-10152,TDMS + TMS,2,2,4.5,3.0,1.5,1,0,2,OR-Tools CP-SAT + Hard Safety Matrix,OPTIMAL_FEASIBLE,PENDING_REVIEW,Bundled TDMS + TMS at Km 520.4-557.9. Anchored by High Urgency Bridge Bearings Inspection & Girder Greasing (Priority: 64.6) during 180m traffic gap to avoid 1 separate corridor closures.
JB-2026-PRYJ-MZP-177,NDLS-DDU Golden Diagonal HDN-1,PRYJ-MZP,Prayagraj Jn (PRYJ) - Mirzapur (MZP),DN_MAIN,686.99,698.789,2026-10-01,01:30,06:45,315,DEM-2026-SNT-10170; DEM-2026-TRD-10208,SMMS + TDMS,2,2,8.0,5.25,2.75,1,0,0,OR-Tools CP-SAT + Hard Safety Matrix,OPTIMAL_FEASIBLE,APPROVED,Bundled SMMS + TDMS at Km 687.0-698.8. Anchored by High Urgency 25 kV OHE Catenary & Contact Wire Stringing Renewal (Priority: 70.3) during 315m traffic gap to avoid 1 separate corridor closures.
JB-2026-MZP-DDU-178,NDLS-DDU Golden Diagonal HDN-1,MZP-DDU,Mirzapur (MZP) - Pt. DD Upadhyaya (DDU),UP_MAIN,732.439,740.132,2026-10-02,00:30,05:45,315,DEM-2026-ENG-10111; DEM-2026-SNT-10404; DEM-2026-TRD-10041,SMMS + TDMS + TMS,3,3,9.0,5.25,3.75,2,0,2,OR-Tools CP-SAT + Hard Safety Matrix,OPTIMAL_FEASIBLE,APPROVED,Bundled SMMS + TDMS + TMS at Km 732.4-740.1. Anchored by High Urgency Contact Wire Kink & Catenary Sag Emergency Splice (Priority: 87.4) during 315m traffic gap to avoid 2 separate corridor closures.
JB-2026-ETW-CNB-179,NDLS-DDU Golden Diagonal HDN-1,ETW-CNB,Etawah (ETW) - Kanpur Central (CNB),UP_MAIN,39.534,382.975,2026-10-03,12:30,17:00,270,DEM-2026-ENG-10178; DEM-2026-ENG-10273; DEM-2026-SNT-10299,SMMS + TMS,2,3,9.5,4.5,5.0,2,0,1,OR-Tools CP-SAT + Hard Safety Matrix,OPTIMAL_FEASIBLE,APPROVED,Bundled SMMS + TMS at Km 39.5-383.0. Anchored by High Urgency Track Tamping and Alignment (CSM Machine) (Priority: 59.6) during 270m traffic gap to avoid 2 separate corridor closures.
JB-2026-MZP-DDU-180,NDLS-DDU Golden Diagonal HDN-1,MZP-DDU,Mirzapur (MZP) - Pt. DD Upadhyaya (DDU),DN_MAIN,755.868,775.104,2026-09-24,02:30,06:00,210,DEM-2026-SNT-10301; DEM-2026-ENG-10016; DEM-2026-ENG-10536,SMMS + TMS,2,3,6.5,3.5,3.0,2,0,1,OR-Tools CP-SAT + Hard Safety Matrix,OPTIMAL_FEASIBLE,PENDING_REVIEW,Bundled SMMS + TMS at Km 755.9-775.1. Anchored by High Urgency USFD Defect Rail Replacement (IMR Flaw) (Priority: 81.4) during 210m traffic gap to avoid 2 separate corridor closures.
JB-2026-ALJN-TDL-181,NDLS-DDU Golden Diagonal HDN-1,ALJN-TDL,Aligarh (ALJN) - Tundla (TDL),DN_MAIN,142.028,173.189,2026-09-25,01:15,04:00,165,DEM-2026-TRD-10149; DEM-2026-SNT-10339,SMMS + TDMS,2,2,4.5,2.75,1.75,1,0,1,OR-Tools CP-SAT + Hard Safety Matrix,OPTIMAL_FEASIBLE,APPROVED,Bundled SMMS + TDMS at Km 142.0-173.2. Anchored by High Urgency Contact Wire Kink & Catenary Sag Emergency Splice (Priority: 88.3) during 165m traffic gap to avoid 1 separate corridor closures.
JB-2026-ETW-CNB-182,NDLS-DDU Golden Diagonal HDN-1,ETW-CNB,Etawah (ETW) - Kanpur Central (CNB),DN_MAIN,297.965,414.731,2026-09-26,12:30,17:45,315,DEM-2026-TRD-10146; DEM-2026-SNT-10515; DEM-2026-TRD-10035,SMMS + TDMS,2,3,9.0,5.25,3.75,2,0,0,OR-Tools CP-SAT + Hard Safety Matrix,OPTIMAL_FEASIBLE,APPROVED,Bundled SMMS + TDMS at Km 298.0-414.7. Anchored by High Urgency 25 kV OHE Catenary & Contact Wire Stringing Renewal (Priority: 74.6) during 315m traffic gap to avoid 2 separate corridor closures.
JB-2026-MZP-DDU-183,NDLS-DDU Golden Diagonal HDN-1,MZP-DDU,Mirzapur (MZP) - Pt. DD Upadhyaya (DDU),UP_MAIN,726.369,755.327,2026-09-27,13:15,17:45,270,DEM-2026-SNT-10512; DEM-2026-ENG-10257; DEM-2026-TRD-10193,SMMS + TDMS + TMS,3,3,8.0,4.5,3.5,2,0,1,OR-Tools CP-SAT + Hard Safety Matrix,OPTIMAL_FEASIBLE,APPROVED,Bundled SMMS + TDMS + TMS at Km 726.4-755.3. Anchored by High Urgency Digital Axle Counter (DAC) Head Sensor Replacement (Priority: 92.2) during 270m traffic gap to avoid 2 separate corridor closures.
JB-2026-ETW-CNB-184,NDLS-DDU Golden Diagonal HDN-1,ETW-CNB,Etawah (ETW) - Kanpur Central (CNB),UP_MAIN,311.795,424.907,2026-09-28,13:15,16:45,210,DEM-2026-ENG-10545; DEM-2026-TRD-10184; DEM-2026-ENG-10433,TDMS + TMS,2,3,8.0,3.5,4.5,2,0,1,OR-Tools CP-SAT + Hard Safety Matrix,OPTIMAL_FEASIBLE,APPROVED,Bundled TDMS + TMS at Km 311.8-424.9. Anchored by High Urgency USFD Defect Rail Replacement (IMR Flaw) (Priority: 92.6) during 210m traffic gap to avoid 2 separate corridor closures.
JB-2026-GZB-ALJN-185,NDLS-DDU Golden Diagonal HDN-1,GZB-ALJN,Ghaziabad (GZB) - Aligarh (ALJN),DN_MAIN,37.241,70.576,2026-09-29,13:30,20:00,390,DEM-2026-TRD-10531; DEM-2026-ENG-10220,TDMS + TMS,2,2,11.0,6.5,4.5,1,0,2,OR-Tools CP-SAT + Hard Safety Matrix,OPTIMAL_FEASIBLE,APPROVED,Bundled TDMS + TMS at Km 37.2-70.6. Anchored by High Urgency Ballast Cleaning & Deep Screening (BCM) (Priority: 75.1) during 390m traffic gap to avoid 1 separate corridor closures.
JB-2026-CNB-FTP-186,NDLS-DDU Golden Diagonal HDN-1,CNB-FTP,Kanpur Central (CNB) - Fatehpur (FTP),DN_MAIN,449.348,487.221,2026-09-30,00:00,03:30,210,DEM-2026-ENG-10056; DEM-2026-SNT-10282; DEM-2026-ENG-10052,SMMS + TMS,2,3,8.0,3.5,4.5,2,0,1,OR-Tools CP-SAT + Hard Safety Matrix,OPTIMAL_FEASIBLE,APPROVED,Bundled SMMS + TMS at Km 449.3-487.2. Anchored by High Urgency Thermit Weld Collar Fracturing Repair (Priority: 80.5) during 210m traffic gap to avoid 2 separate corridor closures.
JB-2026-GZB-ALJN-187,NDLS-DDU Golden Diagonal HDN-1,GZB-ALJN,Ghaziabad (GZB) - Aligarh (ALJN),DN_MAIN,73.14,126.0,2026-10-01,00:15,04:30,255,DEM-2026-ENG-10068; DEM-2026-SNT-10516; DEM-2026-SNT-10459,SMMS + TMS,2,3,9.0,4.25,4.75,2,0,0,OR-Tools CP-SAT + Hard Safety Matrix,OPTIMAL_FEASIBLE,APPROVED,Bundled SMMS + TMS at Km 73.1-126.0. Anchored by High Urgency Point Machine Overhaul & Friction Clutch Testing (Priority: 77.2) during 255m traffic gap to avoid 2 separate corridor closures.
JB-2026-CNB-FTP-188,NDLS-DDU Golden Diagonal HDN-1,CNB-FTP,Kanpur Central (CNB) - Fatehpur (FTP),UP_MAIN,482.602,496.394,2026-10-02,01:15,04:30,195,DEM-2026-SNT-10492; DEM-2026-ENG-10125,SMMS + TMS,2,2,5.0,3.25,1.75,1,0,2,OR-Tools CP-SAT + Hard Safety Matrix,OPTIMAL_FEASIBLE,APPROVED,Bundled SMMS + TMS at Km 482.6-496.4. Anchored by High Urgency Points & Crossing Turnout Tamping (UNIMAT) (Priority: 76.1) during 195m traffic gap to avoid 1 separate corridor closures.
JB-2026-CNB-FTP-189,NDLS-DDU Golden Diagonal HDN-1,CNB-FTP,Kanpur Central (CNB) - Fatehpur (FTP),UP_MAIN,440.528,480.439,2026-10-03,12:15,15:30,195,DEM-2026-ENG-10270; DEM-2026-TRD-10203,TDMS + TMS,2,2,5.0,3.25,1.75,1,0,1,OR-Tools CP-SAT + Hard Safety Matrix,OPTIMAL_FEASIBLE,APPROVED,Bundled TDMS + TMS at Km 440.5-480.4. Anchored by High Urgency USFD Defect Rail Replacement (IMR Flaw) (Priority: 78.9) during 195m traffic gap to avoid 1 separate corridor closures.
JB-2026-CNB-FTP-190,NDLS-DDU Golden Diagonal HDN-1,CNB-FTP,Kanpur Central (CNB) - Fatehpur (FTP),DN_MAIN,439.756,488.032,2026-09-24,01:15,06:30,315,DEM-2026-ENG-10145; DEM-2026-SNT-10378; DEM-2026-TRD-10290,SMMS + TDMS + TMS,3,3,9.0,5.25,3.75,2,0,0,OR-Tools CP-SAT + Hard Safety Matrix,OPTIMAL_FEASIBLE,PENDING_REVIEW,Bundled SMMS + TDMS + TMS at Km 439.8-488.0. Anchored by High Urgency Section Insulator & Motorized Isolator Contact Overhaul (Priority: 59.2) during 315m traffic gap to avoid 2 separate corridor closures.
JB-2026-ETW-CNB-191,NDLS-DDU Golden Diagonal HDN-1,ETW-CNB,Etawah (ETW) - Kanpur Central (CNB),DN_MAIN,330.916,388.977,2026-09-25,13:00,16:30,210,DEM-2026-TRD-10035; DEM-2026-TRD-10198; DEM-2026-SNT-10428,SMMS + TDMS,2,3,7.0,3.5,3.5,2,0,1,OR-Tools CP-SAT + Hard Safety Matrix,OPTIMAL_FEASIBLE,PENDING_REVIEW,Bundled SMMS + TDMS at Km 330.9-389.0. Anchored by High Urgency Section Insulator & Motorized Isolator Contact Overhaul (Priority: 62.8) during 210m traffic gap to avoid 2 separate corridor closures.
JB-2026-ALJN-TDL-192,NDLS-DDU Golden Diagonal HDN-1,ALJN-TDL,Aligarh (ALJN) - Tundla (TDL),UP_MAIN,133.741,161.491,2026-09-26,02:15,07:45,330,DEM-2026-TRD-10298; DEM-2026-ENG-10489; DEM-2026-ENG-10337,TDMS + TMS,2,3,11.5,5.5,6.0,2,0,1,OR-Tools CP-SAT + Hard Safety Matrix,OPTIMAL_FEASIBLE,PENDING_REVIEW,Bundled TDMS + TMS at Km 133.7-161.5. Anchored by High Urgency Traction Substation (TSS) 132/25kV Circuit Breaker Servicing (Priority: 59.6) during 330m traffic gap to avoid 2 separate corridor closures.
JB-2026-PRYJ-MZP-193,NDLS-DDU Golden Diagonal HDN-1,PRYJ-MZP,Prayagraj Jn (PRYJ) - Mirzapur (MZP),DN_MAIN,648.26,657.177,2026-09-27,00:00,04:30,270,DEM-2026-TRD-10553; DEM-2026-SNT-10017,SMMS + TDMS,2,2,6.0,4.5,1.5,1,0,2,OR-Tools CP-SAT + Hard Safety Matrix,OPTIMAL_FEASIBLE,APPROVED,Bundled SMMS + TDMS at Km 648.3-657.2. Anchored by High Urgency Traction Substation (TSS) 132/25kV Circuit Breaker Servicing (Priority: 68.6) during 270m traffic gap to avoid 1 separate corridor closures.
JB-2026-ETW-CNB-194,NDLS-DDU Golden Diagonal HDN-1,ETW-CNB,Etawah (ETW) - Kanpur Central (CNB),DN_MAIN,306.759,424.218,2026-09-28,00:15,02:45,150,DEM-2026-TRD-10444; DEM-2026-ENG-10425,TDMS + TMS,2,2,4.0,2.5,1.5,1,0,0,OR-Tools CP-SAT + Hard Safety Matrix,OPTIMAL_FEASIBLE,PENDING_REVIEW,Bundled TDMS + TMS at Km 306.8-424.2. Anchored by High Urgency Thermit Weld Collar Fracturing Repair (Priority: 93.0) during 150m traffic gap to avoid 1 separate corridor closures.
JB-2026-GZB-ALJN-195,NDLS-DDU Golden Diagonal HDN-1,GZB-ALJN,Ghaziabad (GZB) - Aligarh (ALJN),DN_MAIN,80.357,105.939,2026-09-29,02:30,06:45,255,DEM-2026-SNT-10092; DEM-2026-SNT-10127; DEM-2026-TRD-10362,SMMS + TDMS,2,3,7.5,4.25,3.25,2,0,0,OR-Tools CP-SAT + Hard Safety Matrix,OPTIMAL_FEASIBLE,APPROVED,Bundled SMMS + TDMS at Km 80.4-105.9. Anchored by High Urgency Digital Axle Counter (DAC) Head Sensor Replacement (Priority: 87.6) during 255m traffic gap to avoid 2 separate corridor closures.
JB-2026-MZP-DDU-196,NDLS-DDU Golden Diagonal HDN-1,MZP-DDU,Mirzapur (MZP) - Pt. DD Upadhyaya (DDU),DN_MAIN,754.656,765.061,2026-09-30,01:30,04:15,165,DEM-2026-SNT-10080; DEM-2026-ENG-10517,SMMS + TMS,2,2,4.5,2.75,1.75,1,0,0,OR-Tools CP-SAT + Hard Safety Matrix,OPTIMAL_FEASIBLE,PENDING_REVIEW,Bundled SMMS + TMS at Km 754.7-765.1. Anchored by High Urgency Bridge Bearings Inspection & Girder Greasing (Priority: 58.1) during 165m traffic gap to avoid 1 separate corridor closures.
JB-2026-TDL-ETW-197,NDLS-DDU Golden Diagonal HDN-1,TDL-ETW,Tundla (TDL) - Etawah (ETW),UP_MAIN,231.878,487.221,2026-10-01,12:30,17:45,315,DEM-2026-ENG-10250; DEM-2026-ENG-10542; DEM-2026-SNT-10282,SMMS + TMS,2,3,11.0,5.25,5.75,2,0,2,OR-Tools CP-SAT + Hard Safety Matrix,OPTIMAL_FEASIBLE,APPROVED,Bundled SMMS + TMS at Km 231.9-487.2. Anchored by High Urgency Points & Crossing Turnout Tamping (UNIMAT) (Priority: 64.0) during 315m traffic gap to avoid 2 separate corridor closures.
JB-2026-ALJN-TDL-198,NDLS-DDU Golden Diagonal HDN-1,ALJN-TDL,Aligarh (ALJN) - Tundla (TDL),UP_MAIN,131.012,170.823,2026-10-02,13:00,19:15,375,DEM-2026-ENG-10081; DEM-2026-TRD-10568,TDMS + TMS,2,2,11.0,6.25,4.75,1,0,0,OR-Tools CP-SAT + Hard Safety Matrix,OPTIMAL_FEASIBLE,APPROVED,Bundled TDMS + TMS at Km 131.0-170.8. Anchored by High Urgency Ballast Cleaning & Deep Screening (BCM) (Priority: 72.9) during 375m traffic gap to avoid 1 separate corridor closures.
JB-2026-ALJN-TDL-199,NDLS-DDU Golden Diagonal HDN-1,ALJN-TDL,Aligarh (ALJN) - Tundla (TDL),DN_MAIN,126.881,172.799,2026-10-03,00:00,03:30,210,DEM-2026-TRD-10441; DEM-2026-ENG-10377,TDMS + TMS,2,2,5.0,3.5,1.5,1,0,1,OR-Tools CP-SAT + Hard Safety Matrix,OPTIMAL_FEASIBLE,PENDING_REVIEW,Bundled TDMS + TMS at Km 126.9-172.8. Anchored by High Urgency USFD Defect Rail Replacement (IMR Flaw) (Priority: 83.4) during 210m traffic gap to avoid 1 separate corridor closures.
JB-2026-MZP-DDU-200,NDLS-DDU Golden Diagonal HDN-1,MZP-DDU,Mirzapur (MZP) - Pt. DD Upadhyaya (DDU),UP_MAIN,524.056,759.655,2026-09-24,13:00,16:30,210,DEM-2026-SNT-10450; DEM-2026-SNT-10158; DEM-2026-ENG-10566,SMMS + TMS,2,3,6.5,3.5,3.0,2,0,1,OR-Tools CP-SAT + Hard Safety Matrix,OPTIMAL_FEASIBLE,APPROVED,Bundled SMMS + TMS at Km 524.1-759.7. Anchored by High Urgency Digital Axle Counter (DAC) Head Sensor Replacement (Priority: 83.5) during 210m traffic gap to avoid 2 separate corridor closures.
JB-2026-GZB-ALJN-201,NDLS-DDU Golden Diagonal HDN-1,GZB-ALJN,Ghaziabad (GZB) - Aligarh (ALJN),UP_MAIN,32.483,88.3,2026-09-25,01:30,06:45,315,DEM-2026-ENG-10505; DEM-2026-SNT-10490,SMMS + TMS,2,2,8.0,5.25,2.75,1,0,2,OR-Tools CP-SAT + Hard Safety Matrix,OPTIMAL_FEASIBLE,APPROVED,Bundled SMMS + TMS at Km 32.5-88.3. Anchored by High Urgency Main Signalling Cable Insulation Meggering & Trenching Check (Priority: 59.1) during 315m traffic gap to avoid 1 separate corridor closures.
JB-2026-MZP-DDU-202,NDLS-DDU Golden Diagonal HDN-1,MZP-DDU,Mirzapur (MZP) - Pt. DD Upadhyaya (DDU),DN_MAIN,723.764,764.543,2026-09-26,02:30,08:00,330,DEM-2026-TRD-10141; DEM-2026-SNT-10483; DEM-2026-SNT-10080,SMMS + TDMS,2,3,9.0,5.5,3.5,2,0,1,OR-Tools CP-SAT + Hard Safety Matrix,OPTIMAL_FEASIBLE,PENDING_REVIEW,Bundled SMMS + TDMS at Km 723.8-764.5. Anchored by High Urgency 25 kV OHE Catenary & Contact Wire Stringing Renewal (Priority: 70.0) during 330m traffic gap to avoid 2 separate corridor closures.
JB-2026-PRYJ-MZP-203,NDLS-DDU Golden Diagonal HDN-1,PRYJ-MZP,Prayagraj Jn (PRYJ) - Mirzapur (MZP),UP_MAIN,642.303,697.221,2026-09-27,02:15,05:30,195,DEM-2026-ENG-10451; DEM-2026-ENG-10463; DEM-2026-TRD-10223,TDMS + TMS,2,3,8.0,3.25,4.75,2,0,0,OR-Tools CP-SAT + Hard Safety Matrix,OPTIMAL_FEASIBLE,PENDING_REVIEW,Bundled TDMS + TMS at Km 642.3-697.2. Anchored by High Urgency Contact Wire Kink & Catenary Sag Emergency Splice (Priority: 82.1) during 195m traffic gap to avoid 2 separate corridor closures.
JB-2026-GZB-ALJN-204,NDLS-DDU Golden Diagonal HDN-1,GZB-ALJN,Ghaziabad (GZB) - Aligarh (ALJN),DN_MAIN,100.665,598.105,2026-09-28,12:30,16:45,255,DEM-2026-ENG-10526; DEM-2026-ENG-10090; DEM-2026-TRD-10317,TDMS + TMS,2,3,10.0,4.25,5.75,2,0,1,OR-Tools CP-SAT + Hard Safety Matrix,OPTIMAL_FEASIBLE,APPROVED,Bundled TDMS + TMS at Km 100.7-598.1. Anchored by High Urgency USFD Defect Rail Replacement (IMR Flaw) (Priority: 89.3) during 255m traffic gap to avoid 2 separate corridor closures.
JB-2026-GZB-ALJN-205,NDLS-DDU Golden Diagonal HDN-1,GZB-ALJN,Ghaziabad (GZB) - Aligarh (ALJN),UP_MAIN,78.704,122.419,2026-09-29,13:15,17:45,270,DEM-2026-ENG-10341; DEM-2026-SNT-10540; DEM-2026-ENG-10047,SMMS + TMS,2,3,10.0,4.5,5.5,2,0,2,OR-Tools CP-SAT + Hard Safety Matrix,OPTIMAL_FEASIBLE,APPROVED,Bundled SMMS + TMS at Km 78.7-122.4. Anchored by High Urgency USFD Defect Rail Replacement (IMR Flaw) (Priority: 85.9) during 270m traffic gap to avoid 2 separate corridor closures.
JB-2026-TDL-ETW-206,NDLS-DDU Golden Diagonal HDN-1,TDL-ETW,Tundla (TDL) - Etawah (ETW),UP_MAIN,216.744,333.929,2026-09-30,02:30,08:45,375,DEM-2026-ENG-10544; DEM-2026-ENG-10475; DEM-2026-ENG-10261; DEM-2026-SNT-10412,SMMS + TMS,2,4,18.0,6.25,11.75,3,0,1,OR-Tools CP-SAT + Hard Safety Matrix,OPTIMAL_FEASIBLE,PENDING_REVIEW,Bundled SMMS + TMS at Km 216.7-333.9. Anchored by High Urgency Ballast Cleaning & Deep Screening (BCM) (Priority: 80.0) during 375m traffic gap to avoid 3 separate corridor closures.
JB-2026-ALJN-TDL-207,NDLS-DDU Golden Diagonal HDN-1,ALJN-TDL,Aligarh (ALJN) - Tundla (TDL),DN_MAIN,146.932,176.061,2026-10-01,13:30,19:45,375,DEM-2026-TRD-10410; DEM-2026-ENG-10482; DEM-2026-ENG-10534,TDMS + TMS,2,3,12.5,6.25,6.25,2,0,2,OR-Tools CP-SAT + Hard Safety Matrix,OPTIMAL_FEASIBLE,APPROVED,Bundled TDMS + TMS at Km 146.9-176.1. Anchored by High Urgency Ballast Cleaning & Deep Screening (BCM) (Priority: 74.2) during 375m traffic gap to avoid 2 separate corridor closures.
JB-2026-TDL-ETW-208,NDLS-DDU Golden Diagonal HDN-1,TDL-ETW,Tundla (TDL) - Etawah (ETW),DN_MAIN,217.956,293.261,2026-10-02,01:00,03:15,135,DEM-2026-SNT-10400; DEM-2026-TRD-10095; DEM-2026-TRD-10066,SMMS + TDMS,2,3,5.5,2.25,3.25,2,0,0,OR-Tools CP-SAT + Hard Safety Matrix,OPTIMAL_FEASIBLE,APPROVED,Bundled SMMS + TDMS at Km 218.0-293.3. Anchored by High Urgency Digital Axle Counter (DAC) Head Sensor Replacement (Priority: 73.0) during 135m traffic gap to avoid 2 separate corridor closures.
JB-2026-MZP-DDU-209,NDLS-DDU Golden Diagonal HDN-1,MZP-DDU,Mirzapur (MZP) - Pt. DD Upadhyaya (DDU),DN_MAIN,717.15,772.346,2026-10-03,00:00,04:15,255,DEM-2026-ENG-10527; DEM-2026-TRD-10124; DEM-2026-ENG-10533,TDMS + TMS,2,3,10.0,4.25,5.75,2,0,2,OR-Tools CP-SAT + Hard Safety Matrix,OPTIMAL_FEASIBLE,PENDING_REVIEW,Bundled TDMS + TMS at Km 717.1-772.3. Anchored by High Urgency USFD Defect Rail Replacement (IMR Flaw) (Priority: 86.6) during 255m traffic gap to avoid 2 separate corridor closures.
JB-2026-PRYJ-MZP-210,NDLS-DDU Golden Diagonal HDN-1,PRYJ-MZP,Prayagraj Jn (PRYJ) - Mirzapur (MZP),UP_MAIN,658.274,697.674,2026-09-24,00:15,04:30,255,DEM-2026-ENG-10345; DEM-2026-SNT-10150,SMMS + TMS,2,2,7.0,4.25,2.75,1,0,1,OR-Tools CP-SAT + Hard Safety Matrix,OPTIMAL_FEASIBLE,APPROVED,Bundled SMMS + TMS at Km 658.3-697.7. Anchored by High Urgency Track Tamping and Alignment (CSM Machine) (Priority: 62.6) during 255m traffic gap to avoid 1 separate corridor closures.
JB-2026-TDL-ETW-211,NDLS-DDU Golden Diagonal HDN-1,TDL-ETW,Tundla (TDL) - Etawah (ETW),DN_MAIN,216.148,334.955,2026-09-25,01:15,04:30,195,DEM-2026-SNT-10429; DEM-2026-SNT-10380; DEM-2026-ENG-10103,SMMS + TMS,2,3,7.5,3.25,4.25,2,0,1,OR-Tools CP-SAT + Hard Safety Matrix,OPTIMAL_FEASIBLE,PENDING_REVIEW,Bundled SMMS + TMS at Km 216.1-335.0. Anchored by High Urgency Digital Axle Counter (DAC) Head Sensor Replacement (Priority: 90.5) during 195m traffic gap to avoid 2 separate corridor closures.
JB-2026-CNB-FTP-212,NDLS-DDU Golden Diagonal HDN-1,CNB-FTP,Kanpur Central (CNB) - Fatehpur (FTP),UP_MAIN,250.102,477.84,2026-09-26,00:30,03:45,195,DEM-2026-ENG-10494; DEM-2026-ENG-10062; DEM-2026-TRD-10398,TDMS + TMS,2,3,7.0,3.25,3.75,2,0,0,OR-Tools CP-SAT + Hard Safety Matrix,OPTIMAL_FEASIBLE,APPROVED,Bundled TDMS + TMS at Km 250.1-477.8. Anchored by High Urgency Thermit Weld Collar Fracturing Repair (Priority: 89.3) during 195m traffic gap to avoid 2 separate corridor closures.
JB-2026-ETW-CNB-213,NDLS-DDU Golden Diagonal HDN-1,ETW-CNB,Etawah (ETW) - Kanpur Central (CNB),UP_MAIN,68.287,416.215,2026-09-27,13:30,19:00,330,DEM-2026-TRD-10049; DEM-2026-TRD-10323; DEM-2026-SNT-10581,SMMS + TDMS,2,3,14.0,5.5,8.5,2,0,0,OR-Tools CP-SAT + Hard Safety Matrix,OPTIMAL_FEASIBLE,APPROVED,Bundled SMMS + TDMS at Km 68.3-416.2. Anchored by High Urgency Electronic Interlocking (EI) Field Functional Testing (Priority: 79.9) during 330m traffic gap to avoid 2 separate corridor closures.
JB-2026-TDL-ETW-214,NDLS-DDU Golden Diagonal HDN-1,TDL-ETW,Tundla (TDL) - Etawah (ETW),DN_MAIN,223.867,252.598,2026-09-28,13:15,15:45,150,DEM-2026-ENG-10188; DEM-2026-SNT-10585,SMMS + TMS,2,2,3.5,2.5,1.0,1,0,1,OR-Tools CP-SAT + Hard Safety Matrix,OPTIMAL_FEASIBLE,APPROVED,Bundled SMMS + TMS at Km 223.9-252.6. Anchored by High Urgency Thermit Weld Collar Fracturing Repair (Priority: 77.4) during 150m traffic gap to avoid 1 separate corridor closures.
JB-2026-ALJN-TDL-215,NDLS-DDU Golden Diagonal HDN-1,ALJN-TDL,Aligarh (ALJN) - Tundla (TDL),DN_MAIN,168.513,188.522,2026-09-29,01:30,06:45,315,DEM-2026-ENG-10506; DEM-2026-TRD-10324; DEM-2026-TRD-10059,TDMS + TMS,2,3,9.0,5.25,3.75,2,0,1,OR-Tools CP-SAT + Hard Safety Matrix,OPTIMAL_FEASIBLE,APPROVED,Bundled TDMS + TMS at Km 168.5-188.5. Anchored by High Urgency Rail Grinding for Rolling Contact Fatigue (RGM) (Priority: 55.0) during 315m traffic gap to avoid 2 separate corridor closures.
JB-2026-ALJN-TDL-216,NDLS-DDU Golden Diagonal HDN-1,ALJN-TDL,Aligarh (ALJN) - Tundla (TDL),DN_MAIN,146.932,526.847,2026-09-30,00:00,04:30,270,DEM-2026-ENG-10050; DEM-2026-ENG-10482; DEM-2026-TRD-10478,TDMS + TMS,2,3,9.5,4.5,5.0,2,0,1,OR-Tools CP-SAT + Hard Safety Matrix,OPTIMAL_FEASIBLE,APPROVED,Bundled TDMS + TMS at Km 146.9-526.8. Anchored by High Urgency Points & Crossing Turnout Tamping (UNIMAT) (Priority: 76.1) during 270m traffic gap to avoid 2 separate corridor closures.
JB-2026-PRYJ-MZP-217,NDLS-DDU Golden Diagonal HDN-1,PRYJ-MZP,Prayagraj Jn (PRYJ) - Mirzapur (MZP),DN_MAIN,635.155,669.428,2026-10-01,13:30,15:45,135,DEM-2026-ENG-10167; DEM-2026-ENG-10237; DEM-2026-TRD-10064,TDMS + TMS,2,3,6.0,2.25,3.75,2,0,2,OR-Tools CP-SAT + Hard Safety Matrix,OPTIMAL_FEASIBLE,APPROVED,Bundled TDMS + TMS at Km 635.2-669.4. Anchored by High Urgency Thermit Weld Collar Fracturing Repair (Priority: 72.9) during 135m traffic gap to avoid 2 separate corridor closures.
JB-2026-PRYJ-MZP-218,NDLS-DDU Golden Diagonal HDN-1,PRYJ-MZP,Prayagraj Jn (PRYJ) - Mirzapur (MZP),UP_MAIN,223.867,705.647,2026-10-02,00:15,04:30,255,DEM-2026-ENG-10498; DEM-2026-ENG-10345; DEM-2026-SNT-10585,SMMS + TMS,2,3,8.5,4.25,4.25,2,0,1,OR-Tools CP-SAT + Hard Safety Matrix,OPTIMAL_FEASIBLE,APPROVED,Bundled SMMS + TMS at Km 223.9-705.6. Anchored by High Urgency Points & Crossing Turnout Tamping (UNIMAT) (Priority: 76.5) during 255m traffic gap to avoid 2 separate corridor closures.
JB-2026-ETW-CNB-219,NDLS-DDU Golden Diagonal HDN-1,ETW-CNB,Etawah (ETW) - Kanpur Central (CNB),DN_MAIN,327.462,414.731,2026-10-03,00:00,05:30,330,DEM-2026-SNT-10079; DEM-2026-TRD-10146,SMMS + TDMS,2,2,6.5,5.5,1.0,1,0,1,OR-Tools CP-SAT + Hard Safety Matrix,OPTIMAL_FEASIBLE,APPROVED,Bundled SMMS + TDMS at Km 327.5-414.7. Anchored by High Urgency Digital Axle Counter (DAC) Head Sensor Replacement (Priority: 93.1) during 330m traffic gap to avoid 1 separate corridor closures.
JB-2026-GZB-ALJN-220,NDLS-DDU Golden Diagonal HDN-1,GZB-ALJN,Ghaziabad (GZB) - Aligarh (ALJN),DN_MAIN,85.156,97.404,2026-09-24,01:15,06:45,330,DEM-2026-ENG-10500; DEM-2026-SNT-10127,SMMS + TMS,2,2,7.0,5.5,1.5,1,0,2,OR-Tools CP-SAT + Hard Safety Matrix,OPTIMAL_FEASIBLE,APPROVED,Bundled SMMS + TMS at Km 85.2-97.4. Anchored by High Urgency Point Machine Overhaul & Friction Clutch Testing (Priority: 61.6) during 330m traffic gap to avoid 1 separate corridor closures.
